tag,2002,2003,2006,2007,2008,2009,2010,2011,2012,2013,2014,2015,2016,2017,2018,2019,2020
smut,0,0,0,0,0,0,0,0,0,0,1,1,6,16,143,158,53
blow jobs,0,0,0,0,0,0,0,0,0,1,0,1,1,3,57,62,16
anal sex,0,0,0,0,0,0,0,0,0,1,1,1,6,14,132,118,36
anal fingering,0,0,0,0,0,0,0,0,0,0,0,1,1,6,61,54,20
established relationship,0,0,0,0,0,0,0,0,0,0,0,1,0,4,166,188,57
first war with voldemort,0,0,0,0,0,0,0,0,0,0,0,1,1,3,43,33,21
sane voldemort,0,0,0,0,0,0,0,0,0,0,0,0,0,3,7,15,4
dom/sub,0,0,0,0,0,0,0,0,0,1,2,0,1,2,28,29,8
drunk sex,0,0,0,0,0,0,0,0,0,0,0,0,0,0,8,6,6
love confessions,0,0,0,0,0,0,0,0,1,0,0,0,1,1,30,35,9
trust issues,0,0,0,0,0,0,0,0,0,0,0,0,0,2,7,1,3
dirty talk,0,0,0,0,0,0,0,0,0,0,1,0,0,4,39,52,14
harry potter was adopted by other,0,0,0,0,0,0,0,0,0,0,0,0,0,0,4,3,3
harry potter was raised by other,0,0,0,0,0,0,0,0,0,0,0,0,1,1,10,13,6
bamf luna lovegood,0,0,0,0,0,0,0,0,0,0,0,0,0,2,4,3,1
weasley bashing,0,0,0,0,0,0,0,0,0,0,0,1,2,5,14,0,2
canon divergence - post-harry potter and the deathly hallows,0,0,0,0,0,0,0,0,0,0,0,0,0,0,2,9,3
war,0,0,0,0,0,0,0,0,0,0,0,0,1,7,28,29,11
master of death harry potter,0,0,0,0,0,0,0,0,0,0,1,1,1,10,44,48,18
mpreg,0,0,0,0,0,0,0,0,0,0,2,1,6,9,55,66,22
alternate universe - canon divergence,0,1,0,0,0,0,0,0,2,2,5,9,17,47,267,253,101
crossover,0,0,0,0,0,0,0,0,1,2,2,5,8,14,90,96,41
ministry of magic,0,0,0,0,0,0,0,0,0,0,0,0,1,1,24,14,10
fluff,0,1,0,0,0,0,0,0,0,1,0,5,10,35,559,502,149
pre-relationship,0,0,0,0,0,0,0,0,0,0,0,0,0,3,18,32,10
angst,0,1,0,0,0,0,0,0,1,5,2,10,18,38,430,432,137
angst and feels,0,0,0,0,0,0,0,0,0,0,0,1,0,4,10,21,3
angst and tragedy,0,0,0,0,0,0,0,0,0,0,0,0,0,1,8,12,6
letters,0,0,0,0,0,0,0,0,0,0,0,0,1,4,11,14,4
love letters,0,0,0,0,0,0,0,0,1,0,0,0,0,1,5,6,4
mental health issues,0,0,0,0,0,0,0,0,0,0,0,1,1,8,33,20,18
bisexual remus lupin,0,0,0,0,0,0,0,0,0,0,0,0,0,1,11,14,5
gay sirius black,0,0,0,0,0,0,0,0,0,0,0,0,0,0,12,18,10
slow burn,0,0,1,0,0,0,0,0,0,2,1,2,10,39,112,135,64
canon compliant,0,0,0,0,0,0,0,0,1,0,1,1,3,2,54,98,20
book 3,0,0,0,0,0,0,0,0,0,0,0,0,2,2,18,13,6
book 4,0,0,0,0,0,0,0,0,0,1,0,1,1,0,21,24,10
book 5,0,0,0,0,0,0,0,0,0,1,1,0,2,2,26,31,14
book 6,0,0,0,0,0,0,0,0,0,0,0,0,0,1,14,30,8
original character,0,0,0,1,0,1,0,0,1,0,0,1,5,7,46,41,11
love triangles,0,0,0,0,0,0,0,0,0,1,0,0,0,3,7,6,2
swearing,0,0,0,1,0,0,0,0,0,0,0,2,6,5,37,27,11
anger,0,0,0,0,0,0,0,0,0,0,1,1,2,0,6,8,2
grief/mourning,0,0,0,0,0,0,1,0,0,0,0,0,0,3,37,54,16
number twelve grimmauld place,0,0,0,0,0,0,0,0,0,0,1,0,1,0,2,11,3
hogwarts,0,0,0,0,0,0,0,0,0,0,0,2,8,19,129,117,42
full moon,0,0,0,0,0,0,0,0,0,0,0,0,0,0,3,5,2
lie low at lupin's,0,0,0,0,0,0,0,0,0,0,0,0,0,0,8,5,3
remus lupin lives,0,0,0,0,0,0,0,0,0,0,0,0,1,2,11,14,8
sirius black lives,0,0,0,0,0,0,0,0,0,0,1,0,0,5,29,23,9
infidelity,0,0,0,0,0,0,0,0,0,0,0,0,1,2,17,25,10
alcohol abuse/alcoholism,0,0,0,0,0,0,0,0,0,0,0,0,0,1,8,14,6
happy ending,0,0,0,0,0,0,0,0,0,0,0,0,2,6,57,64,23
fix-it,0,0,0,0,0,0,0,0,0,0,0,0,1,2,13,14,6
memories,0,0,0,0,0,0,0,0,0,0,0,0,1,1,18,16,3
trauma,0,0,0,0,0,0,0,0,0,0,1,0,0,5,13,18,9
order of the phoenix,0,0,0,0,0,0,0,0,0,0,1,0,2,2,14,7,6
kid fic,0,0,0,0,0,0,0,0,0,0,0,0,0,3,13,17,7
canonical character death,0,0,0,0,0,0,0,0,0,0,1,3,1,5,40,50,15
minor character death,0,0,0,0,0,0,0,0,0,1,0,3,4,13,39,42,17
blood and violence,0,0,0,0,0,0,0,0,0,0,0,0,1,2,9,10,7
hospitals,0,0,0,0,0,0,0,0,0,0,0,0,1,0,8,2,2
alternate universe,0,0,0,0,0,1,0,0,0,1,2,4,10,19,162,157,73
possessive tom riddle,0,0,0,0,0,0,0,0,0,0,0,0,0,3,10,14,13
healing,0,0,0,0,0,0,0,0,0,0,0,0,2,5,17,20,3
family,0,0,0,0,0,0,0,0,1,0,0,4,2,7,89,67,26
alternate universe - muggle,0,0,0,0,0,0,0,0,0,0,0,0,0,4,41,67,16
pov third person,0,0,0,0,0,0,0,0,0,0,0,0,1,5,18,14,4
pov third person limited,0,0,0,0,0,0,0,0,0,0,0,0,0,2,2,7,2
pov female character,0,0,0,0,0,0,0,0,0,0,0,0,0,0,5,4,3
pov hermione granger,0,0,0,0,0,0,0,0,0,0,0,0,2,1,11,18,4
adult hermione granger,0,0,0,0,0,0,0,0,0,0,0,0,0,2,6,8,4
post-hogwarts,0,0,0,0,0,0,0,0,0,0,0,3,3,7,120,126,35
light angst,0,0,0,0,0,0,0,0,0,1,0,0,2,5,61,75,16
feels,0,0,0,0,0,0,0,0,0,0,0,0,1,3,9,13,4
romance,0,1,0,0,0,0,0,0,2,4,3,6,21,41,308,289,87
friendship/love,0,0,0,0,0,0,0,0,2,0,0,1,1,9,33,26,10
idiots in love,0,0,0,0,0,0,0,0,0,0,0,0,1,3,21,18,10
flashbacks,0,0,0,0,0,0,0,0,0,0,0,0,2,2,20,25,8
non-linear narrative,0,0,0,0,0,0,0,0,0,0,0,0,0,1,4,6,2
heavy angst,0,0,0,0,0,0,0,0,0,0,0,0,0,2,15,22,5
marauders,0,0,1,0,0,0,0,0,1,0,0,3,12,16,240,213,84
hogwarts fifth year,0,0,0,0,0,0,0,0,0,0,0,2,0,1,21,14,11
enemies to friends to lovers,0,0,0,0,0,0,0,0,0,0,0,0,1,9,45,62,19
humor,1,0,0,0,0,0,0,0,2,1,1,5,8,17,212,143,65
mild sexual content,0,0,0,0,0,0,0,0,0,0,0,0,1,0,10,9,6
internalized homophobia,0,0,0,0,0,0,0,0,0,0,0,0,1,1,18,22,5
panic attacks,0,0,0,0,0,0,0,0,0,0,0,0,0,3,21,24,12
werewolves,0,0,0,0,0,0,0,0,0,0,0,2,4,2,21,16,7
young remus lupin,0,0,0,0,0,0,0,0,0,0,0,0,0,0,11,11,2
cute,0,0,0,0,0,0,0,0,1,0,0,1,0,3,31,31,3
children,0,0,0,0,0,0,0,0,0,0,0,1,0,2,5,6,3
growing up,0,0,0,0,0,0,0,0,0,0,0,0,2,0,7,8,1
love,0,0,0,0,0,0,0,0,0,0,0,0,1,6,63,47,27
falling in love,0,0,0,0,0,0,0,0,1,0,1,0,1,11,42,52,20
magic,0,0,0,0,0,0,0,0,0,0,1,2,4,7,47,45,11
animagus,0,0,0,0,0,0,0,0,0,0,0,1,1,4,21,31,5
animagus harry potter,0,0,0,0,0,0,0,0,0,0,0,1,0,5,5,6,1
halloween,0,0,0,0,0,0,0,0,0,0,0,0,1,2,18,12,5
horror,0,0,0,0,0,0,0,0,0,0,1,0,2,1,14,13,6
angst with a happy ending,0,0,0,0,0,0,0,0,0,0,0,3,0,11,88,84,37
harry potter references,0,0,0,0,0,0,0,0,0,0,0,0,1,0,5,5,1
young sirius black,0,0,0,0,0,0,0,0,0,0,0,0,0,0,12,19,3
remus lupin and lily evans potter friendship,0,0,0,0,0,0,0,0,0,0,0,0,0,1,11,6,1
sirius black and lily evans potter friendship,0,0,0,0,0,0,0,0,0,0,0,0,0,0,3,5,2
lily evans potter and severus snape friendship,0,0,0,0,0,0,0,0,0,0,0,0,1,1,12,7,3
friendship,0,0,0,0,0,0,0,0,0,0,0,4,5,17,134,153,53
gay,0,0,0,0,0,0,0,0,0,0,0,0,0,2,28,20,7
married couple,0,0,0,0,0,0,0,0,0,0,0,0,0,0,4,14,4
post-second war with voldemort,0,0,0,0,0,0,0,0,0,0,0,0,1,2,21,20,12
post-traumatic stress disorder,0,0,0,0,0,0,0,0,0,0,0,1,4,14,68,79,30
auror harry potter,0,0,0,0,0,0,0,0,0,0,0,0,0,5,52,55,14
not canon compliant,0,0,0,0,0,0,0,1,0,0,0,2,1,4,33,50,19
hp: ewe,0,0,0,0,0,0,0,0,0,0,0,1,6,7,24,1,0
misunderstanding,0,0,0,0,0,0,0,0,0,0,0,0,1,2,24,27,7
mutual pining,0,0,0,0,0,0,0,0,0,0,0,0,0,7,58,57,24
no smut,0,0,0,0,0,0,0,0,0,0,0,0,1,0,14,7,7
sub harry potter,0,0,0,0,0,0,0,0,0,0,0,0,0,0,2,11,1
top draco malfoy,0,0,0,0,0,0,0,0,0,0,0,0,0,1,17,12,4
bottom harry potter,0,0,0,0,0,0,0,0,0,0,0,0,0,3,20,14,4
switching,0,0,0,0,0,0,0,0,0,0,0,0,0,0,5,11,3
bottom draco malfoy,0,0,0,0,0,0,0,0,0,0,0,0,0,2,26,31,11
top harry potter,0,0,0,0,0,0,0,0,0,0,0,0,1,3,23,31,9
rimming,0,0,0,0,0,0,0,0,0,0,0,1,0,3,45,50,18
anal play,0,0,0,0,0,0,0,0,0,0,0,1,0,2,2,4,2
spanking,0,0,0,0,0,0,0,0,0,0,0,0,2,4,21,33,8
rope bondage,0,0,0,0,0,0,0,0,0,0,0,0,0,0,5,4,3
dubious consent,0,0,0,0,0,0,0,1,0,1,1,1,0,3,41,33,12
rough sex,0,0,0,0,0,0,0,0,0,0,1,0,1,6,39,36,11
harry potter epilogue compliant,0,0,0,0,0,0,0,0,0,0,0,0,0,0,5,5,2
rape/non-con elements,0,0,0,0,0,0,0,0,0,0,0,1,4,6,40,37,8
redeemed draco malfoy,0,0,0,0,0,0,0,0,0,0,0,0,1,1,10,22,8
fluff and angst,0,0,0,0,0,0,0,0,0,0,0,1,2,21,124,143,50
explicit sexual content,0,0,0,0,0,0,0,0,0,0,0,1,5,17,66,79,33
gratuitous smut,0,0,0,0,0,0,0,0,0,0,2,0,0,0,0,7,1
hurt/comfort,0,1,0,0,0,0,0,0,0,1,1,5,9,16,208,207,64
auror draco malfoy,0,0,0,0,0,0,0,0,0,0,0,0,0,0,20,15,4
powerful harry potter,0,0,0,0,0,0,0,0,0,0,0,0,0,1,6,13,2
jealousy,0,0,0,0,0,0,0,0,0,1,0,0,1,3,28,38,13
oral sex,0,0,0,0,0,0,0,0,0,0,1,0,3,12,79,88,31
sex toys,0,0,0,0,0,0,0,0,1,0,0,0,1,2,13,11,8
bdsm,0,0,0,0,0,0,0,0,0,0,0,1,0,4,27,30,6
aftercare,0,0,0,0,0,0,0,0,0,0,0,0,0,0,8,5,4
large cock,0,0,0,0,0,0,0,0,0,0,0,0,0,1,9,5,2
cock ring,0,0,0,0,0,0,0,0,0,0,0,0,0,2,6,1,1
anal plug,0,0,0,0,0,0,0,0,0,0,0,0,0,0,5,6,1
collars,0,0,0,0,0,0,0,0,0,0,0,0,0,1,9,7,2
hate sex,0,0,0,0,0,0,0,0,0,0,0,0,0,1,4,5,3
porn with plot,0,0,0,0,0,0,0,0,0,0,0,0,0,2,15,20,10
marauders friendship,0,0,0,0,0,0,0,0,0,0,0,0,1,0,31,28,17
bestiality,0,0,0,0,0,0,0,0,0,0,0,0,0,0,5,4,4
torture,0,0,0,0,0,0,0,0,0,1,2,0,7,7,33,30,14
bittersweet ending,0,0,0,0,0,0,0,0,0,0,0,0,0,0,4,3,3
alternate universe - voldemort wins,0,0,0,0,0,0,0,0,0,1,0,0,1,2,18,14,8
alternate universe - coffee shops and cafés,0,0,0,0,0,0,0,0,0,0,0,0,0,2,9,15,3
not epilogue compliant,0,0,0,0,0,0,0,0,0,0,1,1,3,8,57,40,18
harry potter epilogue what epilogue / ewe,0,0,0,0,0,0,0,0,0,0,0,0,1,3,104,166,54
not canon compliant - harry potter and the deathly hallows,0,0,0,0,0,0,0,0,0,0,0,0,0,1,7,16,5
horcrux hunting,0,0,0,0,0,0,0,0,0,0,0,1,1,1,7,9,5
redemption,0,0,0,0,0,0,0,0,0,0,0,2,0,4,9,10,3
pureblood hermione granger,0,0,0,0,0,0,0,0,0,0,0,0,0,0,5,3,2
albus dumbledore bashing,0,0,0,0,0,0,0,0,0,0,0,1,0,1,21,41,22
manipulative albus dumbledore,0,0,0,0,0,0,0,0,0,0,0,0,0,0,36,35,18
minor draco malfoy/harry potter,0,0,0,0,0,0,0,0,0,0,0,0,0,0,7,3,1
evil albus dumbledore,0,0,0,0,0,0,0,0,0,0,0,0,0,0,5,10,3
bad albus dumbledore,0,0,0,0,0,0,0,0,0,0,0,0,0,0,1,6,5
i'm bad at tagging,0,0,0,0,0,0,0,0,0,0,0,1,0,2,8,12,5
book 1,0,0,0,0,0,0,0,0,0,0,0,0,2,1,14,14,12
other additional tags to be added,0,0,0,0,0,0,0,0,0,0,0,5,5,17,58,82,29
hermione granger bashing,0,0,0,0,0,0,0,0,0,0,0,0,2,3,13,15,6
ron weasley bashing,0,0,0,0,0,0,0,0,0,0,0,1,3,7,22,30,19
one shot,0,0,0,0,0,0,0,0,0,0,0,0,1,2,97,112,27
hogwarts express,0,0,0,0,0,0,0,0,0,0,0,0,0,2,7,7,2
pov severus snape,0,0,0,0,0,0,0,0,0,0,0,0,0,0,6,9,3
mystery,0,0,0,1,0,0,0,0,0,0,1,1,3,7,26,30,12
dementors,0,0,0,0,0,0,0,0,0,0,0,0,2,1,10,8,2
soulmates,0,0,0,0,0,0,0,0,0,0,0,2,1,4,40,37,17
soul bond,0,0,0,0,0,0,0,0,0,0,0,0,1,4,23,10,7
mpreg harry,0,0,0,0,0,0,0,0,0,0,0,0,0,0,2,5,4
teen pregnancy,0,0,0,0,0,0,0,0,0,0,1,0,2,0,2,6,2
emotional hurt/comfort,0,0,0,0,0,0,0,0,1,1,0,0,4,6,74,73,21
slytherins being slytherins,0,0,0,0,0,0,0,0,0,0,1,1,0,2,13,12,3
slytherin harry potter,0,0,0,0,0,0,0,0,0,0,0,0,0,4,32,35,21
pureblood culture,0,0,0,0,0,1,0,0,1,0,0,1,3,4,16,21,10
pureblood society,0,0,0,0,0,1,0,0,1,0,0,0,2,2,13,9,6
pureblood politics,0,0,0,0,0,0,0,0,1,0,0,0,3,3,9,13,8
sane tom riddle,0,0,0,0,0,0,0,0,0,0,0,0,0,2,6,16,14
riddle at hogwarts era,0,0,0,0,0,0,0,0,0,0,0,0,0,0,3,6,1
no beta,0,0,0,0,0,0,0,0,0,0,0,0,0,0,2,6,3
alternate universe - hogwarts,0,0,0,0,0,0,0,0,0,0,0,1,2,8,48,45,10
post-war,0,0,0,0,0,0,0,0,1,0,0,4,2,9,97,91,24
imprisonment,0,0,0,0,0,0,0,0,0,1,0,0,0,1,3,7,1
death eater draco malfoy,0,0,0,0,0,0,0,0,0,0,0,1,0,0,5,6,2
memory loss,0,0,0,0,0,0,0,0,0,0,0,1,0,1,15,14,5
eventual romance,0,0,0,0,0,0,0,0,0,0,0,0,2,10,41,38,18
rape,0,0,0,0,0,0,0,0,0,0,0,0,3,3,17,13,3
self harm,0,0,0,0,0,0,0,0,0,0,0,0,0,1,6,3,0
slow build,0,0,0,0,0,1,0,0,0,0,1,2,4,12,33,29,6
podfic,0,0,0,0,0,0,0,0,0,0,0,0,0,0,12,14,11
molly weasley bashing,0,0,0,0,0,0,0,0,0,0,1,0,0,3,11,18,7
good voldemort,0,0,0,0,0,0,0,0,0,0,0,0,0,4,1,6,2
female harry potter,0,0,0,0,0,0,0,0,0,0,2,1,3,12,68,59,19
dark harry potter,0,0,0,0,0,0,1,0,0,0,0,0,1,2,19,26,7
worldbuilding,0,0,0,0,0,0,0,0,0,1,0,0,1,3,13,9,7
legilimency,0,0,0,0,0,0,0,0,0,0,0,0,0,1,15,10,4
desi harry potter,0,0,0,0,0,0,0,0,0,0,0,0,0,0,2,9,5
time travel,0,1,0,0,0,0,0,1,0,0,1,1,5,20,90,110,32
alternate universe - time travel,0,0,0,0,0,0,0,0,0,0,1,0,1,5,21,24,2
funny,0,0,0,0,0,0,0,0,0,0,0,1,2,0,17,11,0
fluff and humor,0,0,0,1,0,0,0,0,0,0,0,0,0,4,60,75,27
angst and humor,0,0,1,0,0,0,0,0,0,0,0,1,1,2,12,12,4
death,0,0,0,0,0,0,0,0,0,0,0,2,1,4,27,25,7
heartbreak,0,0,0,0,0,0,0,0,0,0,0,0,0,0,6,12,5
triggers,0,0,0,0,0,0,0,0,0,0,0,1,0,1,2,5,2
denial of feeling,0,0,0,0,0,0,0,0,0,0,0,0,0,0,8,11,6
gay male character,0,0,0,0,0,0,0,0,0,0,0,0,0,0,14,4,5
secret relationship,0,0,0,0,0,0,0,0,0,0,0,0,0,3,36,36,12
protective sibling,0,0,0,0,0,0,0,0,0,0,0,1,0,0,7,5,4
gay sex,0,0,0,0,0,0,0,0,0,0,0,0,2,2,31,23,10
threesome - m/m/m,0,0,0,0,0,0,0,0,0,0,1,0,1,6,19,15,5
dark magic,0,0,0,0,0,0,0,0,0,0,1,0,1,3,23,33,16
domestic violence,0,0,0,0,0,0,0,0,0,0,0,1,0,1,8,9,5
ravenclaw hermione granger,0,0,0,0,0,0,0,0,0,0,0,0,1,1,5,3,2
severus snape has a heart,0,0,0,0,0,0,0,0,0,0,0,0,1,0,14,20,10
i'm sorry,0,0,0,0,0,0,0,0,0,0,0,0,1,1,11,9,4
book 7,0,0,0,0,0,0,0,0,0,0,0,0,0,1,11,37,9
second war with voldemort,0,0,0,0,0,0,0,0,0,0,0,0,0,0,11,7,7
bamf lily evans potter,0,0,0,0,0,0,0,0,0,0,0,0,0,2,6,4,2
action/adventure,0,0,0,1,0,0,0,0,0,0,0,1,7,5,22,19,8
protective remus lupin,0,0,0,0,0,0,0,0,0,0,0,0,1,0,3,4,4
slash,0,1,0,0,0,1,0,0,1,1,1,3,5,7,48,39,6
emotional manipulation,0,0,0,0,0,0,0,0,0,0,0,0,1,2,17,9,4
violence,0,0,0,0,0,0,0,0,0,1,1,2,8,10,42,48,16
drama,0,0,0,0,0,1,0,0,1,1,3,3,5,18,96,88,41
implied/referenced child abuse,0,0,0,0,0,0,0,0,0,0,0,0,4,8,72,91,32
emotional/psychological abuse,0,0,0,0,0,0,0,0,0,0,0,0,3,4,22,21,9
blood and gore,0,0,0,0,0,0,0,0,0,0,1,0,1,3,11,19,9
enemies to lovers,0,0,0,0,0,0,0,0,0,0,0,0,0,2,19,41,14
good severus snape,0,0,0,1,0,0,0,0,1,1,1,0,1,6,19,29,13
fae and fairies,0,0,0,0,0,0,0,0,0,0,0,0,1,0,4,5,5
mates,0,0,0,0,0,0,0,0,0,0,1,0,0,3,7,9,2
bullying,0,0,0,0,0,0,0,0,0,0,0,0,2,3,16,20,10
post-battle of hogwarts,0,0,0,0,0,0,0,0,0,0,0,0,1,0,57,59,20
domestic fluff,0,0,0,0,0,0,0,0,0,0,0,0,2,2,43,54,14
kissing,0,0,0,0,0,0,0,0,0,0,0,1,1,3,62,53,20
forgiveness,0,0,0,0,0,0,0,0,0,0,0,0,0,0,8,12,2
hope,0,0,0,0,0,0,0,0,0,0,0,0,1,0,4,4,2
daddy kink,0,0,0,0,0,0,0,0,0,0,0,0,0,2,15,16,4
drabble,0,0,0,0,0,0,0,0,0,0,0,0,0,0,103,109,32
slow to update,0,0,0,0,0,0,0,0,0,0,0,1,2,5,8,8,4
on hiatus,0,0,0,0,0,0,0,0,0,0,0,0,1,2,1,5,1
silly,0,0,0,0,0,0,0,0,0,0,0,0,0,0,2,6,3
fluff and crack,0,0,0,1,0,0,0,0,0,0,0,0,0,1,9,10,5
good tom riddle,0,0,0,0,0,0,0,0,0,0,0,0,1,3,8,7,4
hogwarts seventh year,0,0,0,0,0,0,0,0,0,1,0,0,2,2,23,19,7
rare pairing,0,0,0,0,0,0,0,0,0,0,0,0,0,4,11,23,8
angst and hurt/comfort,0,0,0,0,0,0,0,0,0,0,0,1,0,2,32,45,14
drug addiction,0,0,0,0,0,0,0,0,0,0,0,0,0,1,2,7,3
teacher-student relationship,0,0,0,0,0,0,0,0,0,0,0,1,1,1,30,23,8
dark,0,0,0,0,0,0,0,0,0,0,1,0,2,4,36,31,8
wolfstar,0,0,0,0,0,0,0,0,0,0,0,0,1,3,56,54,22
first time,0,0,0,0,0,0,0,0,0,1,1,0,1,4,53,47,15
voyeurism,0,0,0,0,0,0,0,0,0,0,0,0,2,2,26,24,7
incest,0,0,0,0,0,0,0,0,0,1,0,1,0,3,24,33,5
twincest,0,0,0,0,0,0,0,0,0,0,0,0,0,3,7,6,2
hand jobs,0,0,0,0,0,0,0,1,0,0,0,0,0,1,41,27,7
vaginal sex,0,0,0,0,0,0,0,0,0,0,0,0,1,8,18,26,8
loss of virginity,0,0,0,0,0,0,0,0,0,0,0,0,0,0,29,16,8
shower sex,0,0,0,0,0,0,0,0,1,0,0,0,0,3,17,11,5
masturbation,0,0,0,0,0,0,0,0,0,1,0,0,1,5,43,43,14
mutual masturbation,0,0,0,0,0,0,0,0,0,0,0,0,0,0,11,4,3
vaginal fingering,0,0,0,0,0,0,0,0,1,0,0,0,0,6,29,15,10
foursome - m/m/m/m,0,0,0,0,0,0,0,0,0,0,0,1,0,1,4,3,1
sex,0,0,0,0,0,0,0,0,0,0,0,0,2,8,53,60,17
trans character,0,0,0,0,0,0,0,0,0,0,0,0,0,2,8,10,5
lesbian sex,0,0,0,0,0,0,0,0,1,0,0,0,0,1,8,6,5
lesbian character,0,0,0,0,0,0,0,0,0,0,0,0,0,0,5,5,4
bondage,0,0,0,0,0,0,0,0,0,0,1,0,0,3,20,14,6
developing friendships,0,0,0,0,0,0,0,0,0,0,0,0,0,1,6,11,3
personal growth,0,0,0,0,0,0,0,0,0,0,1,0,0,0,5,4,2
banter,0,0,1,0,0,0,0,0,0,0,0,0,0,0,30,32,6
friends to lovers,0,0,0,0,0,0,0,0,0,1,1,1,3,6,92,103,31
gay harry potter,0,0,0,0,0,0,0,0,0,0,0,0,0,0,5,5,1
sexual tension,0,0,0,0,0,0,0,0,0,0,0,1,2,3,19,30,8
sharing a bed,0,0,0,0,0,0,0,0,0,0,0,1,2,0,23,27,2
independent harry potter,0,0,0,0,0,0,0,0,0,0,0,0,0,0,8,3,1
self-discovery,0,0,0,0,0,0,0,0,0,0,0,0,0,1,8,5,4
character development,0,0,0,0,0,0,0,0,0,1,0,0,0,2,4,5,0
bamf harry potter,0,0,0,0,0,0,0,0,0,0,1,0,1,3,12,21,8
character study,0,0,0,0,0,0,0,0,0,2,0,0,0,2,26,27,9
past rape/non-con,0,0,0,0,0,0,0,0,0,0,1,1,1,1,6,11,5
alternate universe - harry potter setting,0,0,0,0,0,0,0,0,0,1,1,0,3,7,49,63,15
drinking,0,0,0,0,0,0,0,0,0,0,0,0,1,6,22,23,6
master/slave,0,0,0,0,0,0,0,0,0,0,0,0,0,1,4,11,3
pregnancy,0,0,0,0,0,0,0,0,0,0,0,0,2,2,19,25,9
drama and romance,0,0,0,0,0,0,0,0,1,0,0,0,2,10,22,28,12
het,0,0,0,0,0,0,0,0,0,0,0,0,0,1,4,8,1
power imbalance,0,0,0,0,0,0,0,0,0,0,0,0,1,0,6,2,3
prostitution,0,0,0,0,0,0,0,0,0,0,0,0,0,4,5,5,3
threats of violence,0,0,0,0,0,0,0,0,0,0,0,1,2,0,3,4,2
child abuse,0,0,0,0,0,0,0,0,0,1,2,3,8,13,27,45,9
implied/referenced rape/non-con,0,0,0,0,0,0,0,0,0,0,0,2,2,9,25,19,7
malfoy manor,0,0,0,0,0,0,0,0,0,0,0,1,1,1,10,6,7
pov multiple,0,0,0,0,0,0,0,0,0,0,0,0,0,2,7,8,3
crack,1,0,0,0,0,0,0,0,0,0,0,0,2,2,50,55,18
triwizard tournament,0,0,0,0,0,0,0,0,0,0,0,0,4,4,9,24,8
one shot collection,0,0,0,0,0,0,0,0,0,0,1,0,1,4,16,11,3
alternate universe - fusion,0,0,0,0,0,0,0,0,0,1,0,0,0,1,6,4,0
manipulative dumbledore,0,0,0,0,0,1,0,0,0,0,1,3,5,13,5,3,0
eventual smut,0,0,0,0,0,0,0,0,0,0,1,1,3,9,41,38,18
multiple pairing,0,0,0,0,0,0,0,0,0,0,0,0,0,2,2,7,0
attempted rape/non-con,0,0,0,0,0,0,0,0,0,0,0,0,0,3,7,10,1
canon-typical violence,0,0,0,0,0,0,0,0,0,0,0,4,1,7,37,28,12
battle of hogwarts,0,0,0,0,0,0,0,0,0,0,0,0,0,1,13,20,9
reader-insert,0,0,0,0,0,0,0,0,0,0,0,1,0,2,8,17,5
adventure,0,0,0,0,0,0,0,0,0,0,1,2,5,4,24,20,8
yaoi,0,0,0,0,0,0,0,0,0,0,0,0,1,0,5,4,0
case fic,0,0,0,0,0,0,0,0,0,0,0,0,0,0,3,11,7
aurors,0,0,0,0,0,0,0,0,0,0,1,0,1,2,9,19,4
auror ron weasley,0,0,0,0,0,0,0,0,0,1,0,0,0,0,4,7,1
ilvermorny,0,0,0,0,0,0,0,0,0,0,0,0,0,3,10,6,1
twins,0,0,0,0,0,0,0,0,0,0,0,0,1,0,9,4,3
book 2,0,0,0,0,0,0,0,0,0,0,0,0,1,0,7,8,2
hogwarts professors,0,0,0,0,0,0,0,0,0,0,0,0,1,2,0,7,4
severus snape lives,0,0,0,0,0,0,0,0,1,0,0,0,3,2,25,28,9
harry potter next generation,0,0,0,0,0,0,0,0,0,0,0,0,2,7,42,25,9
coming of age,0,0,0,0,0,0,0,0,0,0,0,0,0,1,10,12,7
dramione - freeform,0,0,0,1,0,0,0,0,0,0,0,0,0,3,16,18,3
non-canon relationship,0,0,0,0,0,0,0,0,0,0,0,0,0,3,8,7,5
unplanned pregnancy,0,0,0,0,0,0,0,0,0,0,0,0,2,3,11,8,3
not harry potter and the cursed child compliant,0,0,0,0,0,0,0,0,0,0,0,0,0,5,14,14,3
draco malfoy - freeform,0,0,0,0,0,0,0,0,0,0,0,0,2,2,11,3,0
harry potter - freeform,0,0,0,0,0,0,0,0,0,0,0,0,1,4,33,31,6
hurt,0,0,0,0,0,0,0,0,0,0,0,2,0,1,17,10,5
comfort,0,0,0,0,0,0,0,0,0,0,0,0,1,0,15,15,6
school,0,0,0,0,0,0,0,0,0,0,0,0,0,2,6,0,4
family drama,0,0,0,0,0,0,0,0,0,0,0,1,3,2,22,23,8
action,0,0,0,0,0,0,0,0,0,0,0,0,1,1,2,4,6
sexual content,0,0,0,0,0,0,0,0,1,2,1,0,2,9,26,32,9
family issues,0,0,0,0,0,0,0,0,0,0,0,0,0,3,10,11,4
adventure and romance,0,0,0,0,0,0,0,0,0,0,0,1,0,0,8,6,3
fighting,0,0,0,0,0,0,0,0,0,0,0,0,1,0,7,4,0
post-canon,0,0,0,0,0,0,0,0,1,0,0,1,3,7,34,48,15
unresolved sexual tension,0,0,0,0,0,0,0,0,0,0,0,0,0,1,23,14,6
translation,0,0,0,0,0,0,0,0,0,0,0,0,1,1,7,6,1
praise kink,0,0,0,0,0,0,0,0,0,0,0,0,0,0,16,19,8
draco malfoy and harry potter friendship,0,0,0,0,0,0,0,0,0,0,0,0,0,2,14,7,3
married life,0,0,0,0,0,0,0,0,0,0,0,0,0,0,5,11,4
seduction,0,0,0,0,0,0,0,0,0,0,0,0,0,0,2,7,4
i wrote this instead of sleeping,0,0,0,0,0,0,0,0,0,0,0,1,1,0,11,15,13
author is sleep deprived,0,0,0,0,0,0,0,0,0,0,1,0,0,0,7,4,5
the author regrets nothing,0,0,0,0,0,0,0,0,0,0,1,0,1,2,8,8,6
time turner,0,0,1,0,0,0,0,0,0,0,1,0,1,2,15,13,3
world war ii,0,0,0,0,0,0,0,0,0,0,0,0,1,0,4,6,1
past abuse,0,0,0,0,0,0,0,0,0,0,0,0,3,1,11,16,4
implied/referenced self-harm,0,0,0,0,0,0,0,0,0,0,0,1,0,4,14,18,7
anxiety,0,0,0,0,0,0,0,0,0,0,0,0,1,6,25,27,15
teasing,0,0,0,0,0,0,0,0,0,0,0,0,1,1,11,18,6
bottom severus snape,0,0,0,0,0,0,0,0,0,0,0,0,1,1,14,14,5
top severus snape,0,0,0,0,0,0,0,0,0,0,0,0,0,1,9,4,2
hufflepuff,0,0,0,0,0,0,0,0,0,0,0,0,0,0,17,15,5
making out,0,0,0,0,0,0,0,0,0,0,0,0,0,1,9,3,6
emotional baggage,0,0,0,0,0,0,0,0,0,0,0,0,1,1,5,8,2
depression,0,0,0,0,0,0,0,0,0,0,0,2,2,13,44,58,18
background relationships,0,0,0,0,0,0,0,0,0,1,0,0,0,0,9,12,2
miscommunication,0,0,0,0,0,0,0,0,0,0,0,0,0,0,5,8,2
good draco malfoy,0,0,0,0,0,0,0,0,0,0,1,2,1,9,23,42,11
not canon compliant - harry potter and the half-blood prince,0,0,0,0,0,0,0,0,0,0,1,0,0,0,4,4,2
first meeting,0,0,0,0,0,0,0,0,0,0,0,1,0,0,16,28,5
psychological torture,0,0,0,0,0,0,0,0,0,0,1,0,1,3,5,10,4
potions,0,0,0,0,0,0,0,0,0,1,0,0,0,1,23,17,6
punishment,0,0,0,0,0,0,0,0,0,0,0,0,0,1,5,13,0
original character death,0,0,0,0,0,0,0,0,0,0,0,0,1,1,3,3,3
platonic relationships,0,0,0,0,0,0,0,0,0,0,0,0,1,0,6,10,2
baby harry,0,0,0,0,0,0,0,0,0,0,0,0,2,0,6,4,3
minor original character,0,0,0,0,0,0,0,0,0,0,0,0,0,2,8,5,5
horcruxes,0,0,0,0,0,0,0,0,0,1,1,3,0,4,22,34,7
psychological trauma,0,0,0,0,0,0,0,0,0,0,1,0,0,1,6,7,3
veela,0,0,0,0,0,0,0,0,0,1,0,0,0,2,4,7,2
curse breaking,0,0,0,0,0,0,0,0,0,0,0,0,0,0,2,8,0
sex magic,0,0,0,0,0,0,0,0,0,0,0,0,0,1,7,6,3
crack treated seriously,0,0,0,0,0,0,0,0,0,0,0,0,1,1,20,15,5
non-graphic violence,0,0,0,0,0,0,0,0,0,0,0,0,0,0,5,7,2
lily evans potter lives,0,0,0,0,0,0,0,0,0,0,0,0,0,2,7,15,4
arranged marriage,0,0,0,0,0,0,0,0,1,0,0,1,1,3,17,20,8
comfort/angst,0,0,0,0,0,0,0,0,0,0,0,0,0,1,5,3,1
bisexual harry potter,0,0,0,0,0,0,0,0,0,0,0,1,0,2,19,17,9
porn with feeling,0,0,0,0,0,0,0,0,0,0,0,0,0,1,11,18,7
implied/referenced character death,0,0,0,0,0,0,0,0,0,0,0,0,0,1,31,27,6
good albus dumbledore,0,0,0,0,0,0,0,0,0,0,0,0,0,0,5,9,7
magically powerful harry potter,0,0,0,0,0,0,0,0,0,0,1,0,0,1,13,13,5
wizarding politics,0,0,0,0,0,0,0,0,0,0,0,1,3,5,17,5,3
magical theory,0,0,0,0,0,0,0,0,0,0,0,0,1,1,12,6,3
reincarnation,0,0,0,0,0,0,0,0,0,0,1,1,2,6,17,24,5
hinny,0,0,0,0,0,0,0,0,0,0,0,0,0,0,4,6,1
summer,0,0,0,0,0,0,0,0,0,0,0,0,0,0,3,8,3
somebody lives/not everyone dies,0,0,0,0,0,0,0,0,0,0,0,0,0,0,3,8,1
professor harry potter,0,0,0,0,0,0,0,0,0,0,0,0,0,2,7,10,4
secrets,0,0,0,0,0,0,0,0,0,0,0,0,2,3,17,23,4
hogsmeade,0,0,0,0,0,0,0,0,0,0,0,0,1,0,7,5,5
the marauder's map,0,0,0,0,0,0,0,0,0,0,0,0,0,1,6,4,3
holidays,0,0,0,0,0,0,0,0,0,0,0,0,1,0,16,6,2
st mungo's hospital,0,0,0,0,0,0,0,0,0,0,0,0,1,0,8,7,2
jily,0,0,0,0,0,0,0,0,0,0,0,0,1,1,19,21,3
canon divergence,0,0,0,0,0,0,0,0,0,0,0,0,1,0,9,10,2
what-if,0,0,0,0,0,0,0,0,0,0,0,0,2,0,6,7,7
parselmouth harry potter,0,0,0,0,0,0,0,0,0,0,0,0,1,2,8,5,2
language,0,0,0,0,0,0,0,0,0,0,0,0,1,0,7,8,2
self-harm,0,0,0,0,0,0,0,0,0,0,0,2,2,4,23,23,11
suicidal thoughts,0,0,0,0,0,0,0,0,0,0,0,0,2,7,28,28,15
hogwarts eighth year,0,0,0,0,0,0,0,0,0,0,0,0,2,7,99,103,39
male slash,0,0,0,0,0,0,0,0,0,1,1,1,0,1,14,11,4
work in progress,0,0,0,0,0,0,0,0,0,1,0,1,1,5,11,9,5
teenagers,0,0,0,0,0,0,0,0,0,0,0,0,1,3,10,13,4
teen romance,0,0,0,0,0,0,0,0,0,0,0,1,1,6,16,16,5
developing relationship,0,0,0,0,0,0,0,0,1,0,0,0,1,4,15,16,3
divorce,0,0,0,0,0,0,0,0,0,0,0,0,1,0,6,4,5
therapy,0,0,0,0,0,0,0,0,0,0,0,0,0,1,8,9,2
coming out,0,0,0,0,0,0,0,0,0,0,0,1,0,1,29,31,7
getting together,0,0,0,0,0,0,0,0,0,0,0,0,0,1,68,82,26
muggle london,0,0,0,0,0,0,0,0,0,0,0,1,0,0,3,4,2
anorexia,0,0,0,0,0,0,0,0,0,0,0,1,1,0,2,7,1
insomnia,0,0,0,0,0,0,0,0,0,0,0,0,1,0,4,3,3
scars,0,0,0,0,0,0,0,0,0,0,0,0,1,2,15,12,4
alternate universe - soulmates,0,0,0,0,0,0,0,0,0,0,0,0,2,3,58,46,20
soulmate-identifying marks,0,0,0,0,0,0,0,0,0,0,0,0,1,1,28,29,6
severitus / severus snape is harry potter's parent,0,0,0,0,0,0,0,0,0,0,0,0,0,0,3,9,4
sirius black free from azkaban,0,0,0,0,0,0,0,0,0,0,0,0,0,0,4,6,5
ginny weasley bashing,0,0,0,0,0,0,0,0,0,0,0,0,0,3,7,17,6
good malfoy family,0,0,0,0,0,0,0,0,0,1,0,0,1,4,6,3,1
romantic fluff,0,0,0,0,0,0,0,0,0,0,0,0,0,1,17,14,9
family fluff,0,0,0,0,0,0,0,0,0,0,0,0,0,1,22,39,9
family bonding,0,0,0,0,0,0,0,0,0,0,0,0,0,1,9,5,3
out of character,0,0,0,0,0,0,0,1,0,0,1,0,0,4,29,34,15
professor neville longbottom,0,0,0,0,0,0,0,0,0,0,0,0,0,0,5,4,6
family dynamics,0,0,0,0,0,0,0,0,0,0,0,0,0,1,8,4,3
sirius black and remus lupin raise harry potter,0,0,0,0,0,0,0,0,0,0,0,0,0,0,0,5,5
minor sirius black/remus lupin,0,0,0,0,0,0,0,0,0,0,0,0,1,0,10,4,4
canon rewrite,0,0,0,0,0,0,0,0,0,0,0,0,0,3,4,8,1
polyamory,0,0,0,0,0,0,0,0,0,0,0,1,1,5,31,21,6
good slytherins,0,0,0,1,0,0,0,0,0,0,0,0,0,6,18,27,15
fred weasley lives,0,0,0,0,0,0,0,0,0,0,0,0,0,4,12,9,6
nymphadora tonks lives,0,0,0,0,0,0,0,0,0,0,0,0,0,1,5,2,3
dumbledore bashing,0,0,0,0,0,0,0,0,0,1,0,2,4,16,38,2,0
creature inheritance,0,0,0,0,0,0,0,0,0,0,0,0,0,1,5,7,3
harry is lord potter,0,0,0,0,0,0,0,0,0,0,0,0,0,1,1,5,4
mildly dubious consent,0,0,0,0,0,0,0,0,0,0,0,0,1,1,13,13,4
powerful harry,0,0,0,0,0,0,0,0,0,0,0,0,2,9,23,15,4
public sex,0,0,0,0,0,0,0,0,0,0,0,0,0,3,18,17,6
gringotts wizarding bank,0,0,0,0,0,0,0,0,0,0,0,0,1,0,3,7,5
come eating,0,0,0,0,0,0,0,0,0,0,0,0,0,1,5,5,4
murder,0,0,0,0,0,0,0,0,0,0,2,1,1,6,23,22,11
exhibitionism,0,0,0,0,0,0,0,0,0,0,0,0,1,0,18,15,4
consensual underage sex,0,0,0,0,0,0,0,0,0,0,0,0,0,1,9,8,4
consensual sex,0,0,0,0,0,0,0,0,0,0,0,0,0,4,3,6,2
past child abuse,0,0,0,0,0,0,0,0,0,0,0,2,3,8,16,29,11
creampie,0,0,0,0,0,0,0,0,0,0,0,0,0,0,5,9,5
implied mpreg,0,0,0,0,0,0,0,0,1,0,0,0,1,0,12,11,3
possessive behavior,0,0,0,0,0,0,0,0,0,0,0,0,1,2,14,15,8
bottom harry,0,0,0,0,0,0,0,0,0,0,0,0,1,4,17,20,5
minor violence,0,0,0,0,0,0,0,0,0,0,0,1,0,1,5,7,4
trans male character,0,0,0,0,0,0,0,0,0,0,0,0,0,0,9,7,2
fluff and smut,0,0,0,0,0,0,0,0,0,0,0,0,1,3,65,74,25
slice of life,0,0,0,0,0,0,0,0,0,0,0,0,0,2,25,16,10
tooth-rotting fluff,0,0,0,0,0,0,0,0,0,0,0,0,0,0,24,28,13
healer draco malfoy,0,0,0,0,0,0,0,0,0,0,0,0,0,2,12,10,2
quidditch,0,0,0,0,0,0,0,0,0,0,0,1,2,9,47,41,14
blood and injury,0,0,0,0,0,0,0,0,0,0,0,0,0,0,7,11,4
whump,0,0,0,0,0,0,0,0,0,0,0,0,0,0,5,4,3
major character injury,0,0,0,0,0,0,0,0,0,0,0,0,0,0,3,3,4
eventual fluff,0,0,0,0,0,0,0,0,0,0,0,0,0,0,3,5,4
spoilers,0,0,0,0,0,0,0,0,0,0,0,0,0,1,13,4,2
song lyrics,0,0,0,1,0,0,0,0,0,0,0,0,0,0,4,12,2
podfic welcome,0,0,0,0,0,0,0,0,0,0,0,0,0,0,3,6,2
death eaters,0,0,0,0,0,0,0,0,0,1,1,1,4,11,28,32,6
morally ambiguous character,0,0,0,0,0,0,0,0,0,0,0,0,0,1,4,5,3
underage drinking,0,0,0,0,0,0,0,0,0,0,0,0,2,3,8,9,10
underage sex,0,0,0,0,0,0,0,0,1,0,1,1,1,3,19,18,1
drug use,0,0,0,0,0,0,0,0,0,0,0,1,0,7,5,13,3
sexual abuse,0,0,0,0,0,0,0,0,0,0,0,0,1,4,5,4,1
childhood trauma,0,0,0,0,0,0,0,0,0,0,0,0,0,1,9,6,4
vampires,0,0,0,0,0,0,0,0,0,0,0,0,3,2,12,8,4
homophobia,0,0,0,0,0,0,0,0,0,0,0,0,0,3,22,21,4
eating disorders,0,0,0,0,0,0,0,0,0,0,0,1,0,2,8,14,5
implied/referenced suicide,0,0,0,0,0,0,0,0,0,0,0,1,1,0,15,10,5
hogwarts era,0,0,0,0,0,0,0,0,1,0,0,0,0,2,27,18,5
hogwarts fourth year,0,0,0,0,0,0,0,0,0,0,0,0,0,4,12,14,5
birthday,0,0,0,0,0,0,0,0,0,0,0,0,0,0,11,12,1
hogwarts third year,0,0,0,0,0,0,0,0,0,0,0,0,0,2,8,12,3
obsessive behavior,0,0,0,0,0,0,0,0,0,0,0,0,0,0,6,7,1
sort of,0,0,0,0,0,0,0,0,0,1,0,0,1,0,13,12,6
hurt no comfort,0,0,0,0,0,0,0,0,0,0,0,0,0,0,7,6,2
pov original character,0,0,0,0,0,0,0,0,0,0,0,0,0,1,2,5,2
not beta read,0,0,0,0,0,0,0,0,0,0,0,1,0,2,9,32,18
patronus,0,0,0,0,0,0,0,0,0,0,0,0,0,1,9,9,1
weasley family,0,0,0,0,0,0,0,0,0,0,0,0,1,0,9,0,0
drarry,0,0,0,0,0,0,0,0,0,0,0,0,1,5,78,63,7
8th year,0,0,0,0,0,0,0,0,0,1,0,1,0,2,3,5,1
sorry - freeform,0,0,0,0,0,0,0,0,0,0,0,0,0,1,4,4,1
pining,0,0,0,0,0,0,0,0,0,0,0,1,0,10,88,78,28
young severus snape,0,0,0,0,0,0,0,0,0,0,0,0,1,0,7,4,4
poetry,0,0,0,0,0,0,0,0,0,0,0,0,1,0,5,13,6
unrequited love,0,0,0,0,0,0,0,0,0,1,0,0,0,3,20,44,7
self-hatred,0,0,0,0,0,0,0,0,0,0,0,1,0,1,6,16,3
sad,0,0,0,0,0,0,0,0,0,0,0,0,0,0,16,22,8
regret,0,0,0,0,0,0,0,0,0,0,0,0,0,0,9,12,2
occlumency,0,0,0,0,0,0,0,0,0,0,0,0,0,1,14,5,2
sequel,0,0,0,0,0,0,0,0,1,0,0,0,0,3,3,5,3
pov alternating,0,0,0,1,0,0,0,0,0,0,0,0,0,2,13,17,5
best friends,0,0,0,0,0,0,0,0,0,0,0,0,0,4,23,20,8
harry potter and the cursed child compliant,0,0,0,0,0,0,0,0,0,0,0,0,0,1,1,16,3
morally grey harry potter,0,0,0,0,0,0,0,0,0,0,0,0,0,1,11,13,10
smart harry potter,0,0,0,0,0,0,0,0,0,0,0,0,1,2,12,7,4
cross-posted on fanfiction.net,0,0,0,0,0,0,0,0,0,0,0,0,3,3,27,24,8
ravenclaw,0,0,0,0,0,0,0,0,0,0,0,0,0,2,13,12,2
slytherin,0,0,0,0,0,0,0,0,0,0,0,0,0,4,29,28,6
lemon,0,0,0,0,0,0,0,0,0,0,0,1,1,3,14,6,0
severus snape adopts harry potter,0,0,0,0,0,0,0,0,0,0,0,0,0,0,4,4,3
harry potter needs a hug,0,0,0,0,0,0,0,0,0,0,0,0,0,0,4,8,1
fear,0,0,0,0,0,0,0,0,0,0,0,1,0,0,7,7,1
blood,0,0,0,0,0,0,1,0,0,0,0,0,0,2,28,20,2
tags may change,0,0,0,0,0,0,0,0,0,0,0,0,0,3,11,13,1
ooc,0,0,0,0,0,0,0,0,0,0,0,2,0,0,3,6,1
unhealthy relationships,0,0,0,0,0,0,0,0,0,1,0,0,1,0,13,17,4
unhealthy coping mechanisms,0,0,0,0,0,0,0,0,0,0,0,0,0,0,11,9,4
growing up together,0,0,0,0,0,0,0,0,0,0,0,0,0,0,3,4,5
drugs,0,0,0,0,0,0,0,0,0,0,0,0,1,1,2,8,3
semi-public sex,0,0,0,0,0,0,0,0,0,0,0,0,2,4,20,17,3
time travel fix-it,0,0,1,0,0,0,0,0,0,0,0,0,1,2,15,15,10
ron weasley is a good friend,0,0,0,0,0,0,0,0,0,0,0,1,1,1,13,14,5
slytherin ron weasley,0,0,0,0,0,0,0,0,0,0,0,0,0,1,6,1,3
explicit language,0,0,0,0,0,0,0,0,0,1,1,0,4,8,31,43,12
meet-cute,0,0,0,0,0,0,0,0,0,0,0,0,1,1,10,18,3
ewe,0,0,0,0,0,0,0,0,0,0,0,0,0,2,7,15,2
alternate universe - modern setting,0,0,0,0,0,0,0,0,0,0,1,1,0,5,83,89,21
alternate universe - non-magical,0,0,0,0,0,0,0,0,0,0,0,1,0,5,43,46,7
fatherhood,0,0,0,0,0,0,0,0,0,0,0,0,1,1,4,3,1
sarcasm,0,0,0,0,0,0,0,0,0,0,0,1,1,2,5,4,3
creature fic,0,0,0,0,0,0,0,0,0,0,0,0,2,4,21,17,6
character death,0,0,0,0,0,0,0,0,0,0,0,1,4,3,42,55,18
trans female character,0,0,0,0,0,0,0,0,0,0,0,0,0,0,5,2,3
anal,0,0,0,0,0,0,0,0,0,0,0,1,0,0,6,5,5
consensual infidelity,0,0,0,0,0,0,0,0,0,0,0,0,0,0,4,4,2
fake/pretend relationship,0,0,0,0,0,0,0,0,0,0,0,0,1,3,22,13,7
bisexuality,0,0,0,0,0,0,0,0,0,0,0,2,0,0,6,5,4
implied/referenced homophobia,0,0,0,0,0,0,0,0,0,0,0,0,0,1,14,11,3
pov regulus black,0,0,0,0,0,0,0,0,0,0,0,0,0,0,3,15,1
regulus black-centric,0,0,0,0,0,0,0,0,0,0,0,0,0,0,1,17,3
regulus black feels,0,0,0,0,0,0,0,0,0,0,0,0,0,0,0,12,2
good regulus black,0,0,0,0,0,0,0,0,0,0,0,0,0,0,0,9,1
ghosts,0,0,0,0,0,0,0,0,0,0,1,0,2,1,6,14,6
black family-centric,0,0,0,0,0,0,0,0,0,0,0,0,0,0,0,14,5
the noble and most ancient house of black,0,0,0,0,0,0,0,0,0,0,0,0,1,0,11,27,10
past character death,0,0,0,0,0,0,0,0,0,0,0,1,2,0,8,12,2
oblivious harry potter,0,0,0,0,0,0,0,0,0,0,0,0,0,0,5,3,3
marriage proposal,0,0,0,0,0,0,0,0,0,0,0,1,1,2,17,19,9
indian harry potter,0,0,0,0,0,0,0,0,0,0,0,0,1,0,3,4,6
abusive dursley family,0,0,0,0,0,0,0,0,0,0,0,0,1,0,12,8,7
ust,0,0,0,0,0,0,0,0,0,0,0,1,0,0,7,4,2
muggle technology,0,0,0,0,0,0,0,0,0,0,0,0,0,0,4,5,4
awkward flirting,0,0,0,0,0,0,0,0,0,0,0,0,0,2,7,8,3
gay draco malfoy,0,0,0,0,0,0,0,0,0,0,0,0,0,1,7,10,10
pov harry potter,0,0,0,0,0,0,0,0,0,0,0,0,0,1,18,34,9
frottage,0,0,0,0,0,0,0,0,0,1,0,0,0,2,23,22,6
adopted harry potter,0,0,0,0,0,0,0,0,0,0,0,0,0,0,7,3,0
harry potter is the heir to the house of black,0,0,0,0,0,0,0,0,0,0,0,0,0,0,5,4,1
roommates,0,0,0,0,0,0,0,0,0,0,0,0,0,1,8,12,2
dreams,0,0,0,0,0,0,0,0,0,0,0,0,1,0,3,8,1
multiple crossovers,0,0,0,0,0,0,0,0,0,0,0,0,0,1,3,6,1
kidnapping,0,0,0,1,0,0,0,0,0,0,0,1,2,6,16,15,4
alcohol,0,0,0,0,0,0,0,0,0,0,0,1,0,2,12,19,9
pov sirius black,0,0,0,0,0,0,0,0,0,0,0,0,0,1,11,19,5
pov remus lupin,0,0,0,0,0,0,0,0,0,0,0,1,0,1,11,15,5
bigotry and prejudice,0,0,0,0,0,0,0,0,0,0,0,0,1,1,8,4,1
attempted murder,0,0,0,0,0,0,0,0,0,0,0,0,0,1,8,8,1
crossover pairing,0,0,0,0,0,0,0,0,0,0,1,1,0,2,21,17,3
i don't even know,0,0,0,0,0,0,0,0,0,0,0,0,0,2,15,16,3
pov draco malfoy,0,0,0,0,0,0,0,0,0,0,0,1,0,3,39,50,18
canon divergence - post-hogwarts,0,0,0,0,0,0,0,0,0,0,0,0,0,2,1,6,3
professor draco malfoy,0,0,0,0,0,0,0,0,0,0,0,0,0,1,5,5,4
potions master draco malfoy,0,0,0,0,0,0,0,0,0,0,0,0,0,2,6,10,4
lingerie,0,0,0,0,0,0,0,0,0,0,0,0,0,0,5,3,6
pov first person,0,0,0,0,0,0,0,0,0,0,0,0,0,1,25,35,11
present tense,0,0,0,0,0,0,0,0,0,0,0,0,0,0,6,11,4
humour,0,0,0,0,0,0,0,0,0,0,2,1,2,1,16,9,4
abuse,0,0,0,0,0,0,0,0,0,0,0,1,7,7,24,31,3
auror partners,0,0,0,0,0,0,0,0,0,0,0,0,0,0,18,11,5
parody,0,0,0,0,0,0,0,0,0,0,0,0,0,1,11,10,6
pre-slash,0,0,0,0,0,0,0,0,0,0,0,1,2,4,34,54,11
truth or dare,0,0,0,0,0,0,0,0,0,0,1,0,0,1,12,10,4
muggles,0,0,0,0,0,0,0,0,0,0,0,0,0,2,5,7,2
muggle au,0,0,0,0,0,0,0,0,0,0,0,0,0,4,6,12,7
alternate universe - everyone lives/nobody dies,0,0,0,0,0,0,0,0,0,0,0,0,0,1,15,14,1
regulus black lives,0,0,0,0,0,0,0,0,0,0,0,0,0,1,8,11,5
lucius malfoy being an asshole,0,0,0,0,0,0,0,0,0,0,0,0,0,1,3,4,3
aftermath of torture,0,0,0,0,0,0,0,0,0,0,0,2,1,2,7,7,8
implied/referenced torture,0,0,0,0,0,0,0,0,0,0,0,1,1,1,13,23,8
past torture,0,0,0,0,0,0,0,0,0,0,0,0,1,1,1,7,6
cruciatus,0,0,0,0,0,0,0,0,0,1,0,0,0,0,3,6,4
eventual happy ending,0,0,0,0,0,0,0,0,0,0,0,2,0,4,11,16,7
aftermath of violence,0,0,0,0,0,0,0,0,0,0,0,0,1,1,5,3,5
lucius malfoy's a+ parenting,0,0,0,0,0,0,0,0,0,0,0,0,0,1,6,5,1
rape recovery,0,0,0,0,0,0,0,0,0,0,0,0,1,2,4,6,3
additional warnings in author's note,0,0,0,0,0,0,0,0,0,0,0,0,0,1,2,7,1
homophobic language,0,0,0,0,0,0,0,0,0,0,0,0,0,1,3,10,2
i can't believe i wrote this,0,0,0,0,0,0,0,0,0,0,0,0,0,0,5,7,2
what have i done,0,0,0,0,0,0,0,0,0,0,1,0,0,0,5,6,1
draco malfoy needs a hug,0,0,0,0,0,0,0,0,0,0,0,0,0,2,5,3,1
mental breakdown,0,0,0,0,0,0,0,0,0,0,0,0,1,1,3,4,2
self-esteem issues,0,0,0,0,0,0,0,0,0,0,0,1,0,1,18,13,4
self confidence issues,0,0,0,0,0,0,0,0,0,0,0,0,0,0,2,4,4
self-doubt,0,0,0,0,0,0,0,0,0,1,0,1,0,0,2,8,6
near death experiences,0,0,0,0,0,0,0,0,0,0,0,0,1,0,3,5,2
implied/referenced underage sex,0,0,0,0,0,0,0,0,0,0,0,0,0,0,5,5,3
enemies to friends,0,0,0,0,0,0,0,0,0,0,0,0,0,1,12,16,10
suicide attempt,0,0,0,0,0,0,0,0,0,0,0,0,2,5,15,17,6
boys kissing,0,0,0,0,0,0,0,0,0,0,0,0,0,1,27,12,11
boys in love,0,0,0,0,0,0,0,0,0,0,0,0,0,0,13,10,11
making love,0,0,0,0,0,0,0,0,0,0,0,0,0,0,5,4,1
pining draco malfoy,0,0,0,0,0,0,0,0,0,0,0,0,0,2,6,18,7
physical abuse,0,0,0,0,0,0,0,0,0,0,0,0,2,3,12,14,4
wizarding world,0,0,0,0,0,0,0,0,0,0,0,0,2,2,13,6,6
wizarding culture,0,0,0,0,0,0,0,0,0,0,0,0,0,1,2,6,4
slytherin harry,0,0,0,0,0,0,0,0,0,0,1,1,3,4,2,1,0
love potion/spell,0,0,0,0,0,0,0,0,1,0,0,1,0,1,3,10,3
tomarry - freeform,0,0,0,0,0,0,0,0,0,0,0,1,1,3,4,2,0
anxiety attacks,0,0,0,0,0,0,0,0,0,0,0,0,0,1,7,6,1
attempted sexual assault,0,0,0,0,0,0,0,0,0,1,0,0,0,0,2,6,1
modern era,0,0,0,0,0,0,0,0,0,0,0,0,0,0,2,8,2
modern marauders,0,0,0,0,0,0,0,0,0,0,0,0,0,0,2,9,3
mistaken identity,0,0,0,0,0,0,0,0,0,0,0,0,0,0,6,4,2
sassy harry potter,0,0,0,0,0,0,0,0,0,0,0,0,0,0,2,7,3
cussing,0,0,0,0,0,0,0,0,0,0,0,0,0,0,4,3,5
implied sexual content,0,0,0,0,0,0,0,0,1,0,0,1,0,6,37,29,7
epistolary,0,0,0,0,0,0,0,0,1,0,0,0,0,1,6,12,4
songfic,0,0,0,0,0,0,0,0,0,0,0,2,0,0,19,30,7
minor hermione granger/ron weasley,0,0,0,0,0,0,0,0,0,0,0,0,0,3,19,17,3
dysfunctional family,0,0,0,0,0,0,0,0,0,1,1,2,1,2,4,10,6
evil dumbledore,0,0,0,0,0,0,0,0,0,1,1,1,0,6,4,2,0
hogwarts sixth year,0,0,0,0,0,0,0,0,0,1,0,1,0,2,32,31,12
bamf ginny weasley,0,0,0,0,0,0,0,0,0,0,0,1,1,1,4,7,0
dumbledore's army,0,0,0,0,0,0,0,0,0,0,0,1,1,0,7,4,0
originally posted on fanfiction.net,1,0,0,0,0,0,0,0,0,0,0,1,1,0,6,8,3
daily prophet,0,0,0,0,0,0,0,0,0,0,0,0,0,0,8,1,1
mentor severus snape,0,0,0,0,0,0,0,0,0,0,0,0,2,0,14,16,5
hogwarts inter-house friendships,0,0,0,0,0,0,0,0,0,0,0,0,0,1,2,5,3
dreams and nightmares,0,0,0,0,0,0,0,0,0,0,0,0,1,1,5,5,1
bisexual character,0,0,0,0,0,0,0,0,0,0,0,1,0,0,6,10,2
family feels,0,0,0,0,0,0,0,0,0,0,0,0,0,6,24,39,12
post-first war with voldemort,0,0,0,0,0,0,0,0,0,0,0,0,0,1,7,6,4
self-indulgent,0,0,0,0,0,0,0,0,0,0,0,0,0,0,9,8,3
some plot,0,0,0,0,0,0,0,0,0,0,0,0,0,0,2,7,2
dom/sub undertones,0,0,0,0,0,0,0,0,0,0,0,0,1,2,7,16,8
alternate universe - magic,0,0,0,0,0,0,0,0,0,0,1,0,0,2,6,5,3
guilt,0,0,0,0,0,0,0,0,0,0,0,2,1,1,9,14,3
gore,0,0,0,0,0,0,0,0,0,0,0,0,0,0,5,10,1
implied/referenced alcohol abuse/alcoholism,0,0,0,0,0,0,0,0,0,0,0,0,0,1,8,7,3
past relationship,0,0,0,0,0,0,0,0,0,0,0,0,2,0,19,20,4
muggle/wizard relations,0,0,0,0,0,0,0,0,0,0,0,1,1,3,10,10,7
alternate universe - student/teacher,0,0,0,0,0,0,0,0,0,0,0,0,0,0,6,2,2
begging,0,0,0,0,0,0,0,0,0,0,0,0,0,2,9,10,3
shameless smut,0,0,0,0,0,0,0,0,0,0,0,0,0,2,27,25,5
friends with benefits,0,0,0,0,0,0,0,0,0,0,0,0,0,2,11,10,8
bisexual male character,0,0,0,0,0,0,0,0,0,0,0,0,0,0,10,5,3
the golden trio,0,0,0,0,0,0,0,0,0,0,0,0,0,1,10,12,1
lgbtq themes,0,0,0,0,0,0,0,0,0,0,0,0,0,2,11,13,2
harry potter is a good friend,0,0,0,0,0,0,0,0,0,0,0,0,0,0,3,7,1
nightmares,0,0,0,0,0,0,0,0,0,0,0,0,2,4,22,12,5
how do i tag,0,0,0,0,0,0,0,0,0,0,0,1,0,2,20,16,4
i will go down with this ship,0,0,0,0,0,0,0,0,0,0,0,0,1,0,9,5,2
fluff and hurt/comfort,0,0,0,0,0,0,0,0,0,0,0,0,0,2,7,13,0
dorks in love,0,0,0,0,0,0,0,0,0,0,0,0,0,1,12,6,1
alternate universe - modern with magic,0,0,0,0,0,0,0,0,0,0,0,0,0,1,5,9,0
crossdressing,0,0,0,0,0,0,0,0,0,0,0,0,0,1,13,13,4
severus snape bashing,0,0,0,0,0,0,0,0,0,0,0,0,0,1,3,5,1
awkwardness,0,0,0,0,0,0,0,0,0,0,0,0,0,0,10,10,2
wandless magic,0,0,0,0,0,0,0,0,0,1,0,0,0,2,9,13,2
love/hate,0,0,0,0,0,0,0,0,0,0,0,1,0,2,15,4,4
arguing,0,0,0,0,0,0,0,1,0,0,0,0,1,1,8,8,5
loss of parent,0,0,0,0,0,0,0,0,0,0,0,0,0,1,5,5,4
references to depression,0,0,0,0,0,0,0,0,0,0,0,0,2,3,16,15,6
emotional hurt,0,0,0,0,0,0,0,0,0,0,0,1,1,0,11,13,3
extremely dubious consent,0,0,0,0,0,0,0,0,0,0,0,0,1,0,6,6,2
flirting,0,0,0,0,0,0,0,0,0,0,0,1,0,1,33,31,6
alpha/beta/omega dynamics,0,0,0,0,0,0,0,0,0,0,0,0,1,4,27,30,12
immortality,0,0,0,0,0,0,0,0,0,0,0,0,0,0,5,4,3
secret identity,0,0,0,0,0,0,0,0,0,0,0,0,0,0,11,5,2
hate to love,0,0,0,0,0,0,0,0,0,0,0,0,0,1,4,6,1
fix-it of sorts,0,0,0,0,0,0,0,0,0,0,0,0,0,1,8,10,2
potions accident,0,0,0,0,0,0,0,0,0,0,0,0,0,1,10,5,5
angst and fluff and smut,0,0,0,0,0,0,0,0,0,0,1,0,0,0,10,10,7
teenage drama,0,0,0,0,0,0,0,0,0,0,0,0,1,0,5,2,2
werewolf remus lupin,0,0,0,0,0,0,0,0,0,0,0,0,1,1,9,9,6
male friendship,0,0,0,0,0,0,0,0,0,0,0,0,0,0,11,4,2
childhood friends,0,0,0,0,0,0,0,0,0,0,0,1,0,1,16,11,7
childhood memories,0,0,0,0,0,0,0,0,0,0,0,0,0,0,7,3,2
short one shot,0,0,0,0,0,0,0,0,0,0,0,0,0,1,26,18,6
short and sweet,0,0,0,0,0,0,0,0,0,0,0,0,0,2,9,16,4
summer vacation,0,0,0,0,0,0,0,0,0,0,0,0,0,1,4,5,2
blackmail,0,0,0,0,0,0,0,0,0,0,0,0,0,1,4,6,3
parent/child incest,0,0,0,0,0,0,0,0,0,0,0,1,0,2,2,11,1
revenge,0,0,0,0,0,0,0,0,0,0,0,0,0,1,9,7,2
dead dove: do not eat,0,0,0,0,0,0,0,0,0,0,0,0,0,0,7,5,3
post-harry potter and the deathly hallows,0,0,0,0,0,0,0,0,0,0,0,0,1,1,6,12,4
alternate universe - high school,0,0,0,0,0,0,0,0,0,0,0,1,0,0,6,5,5
texting,0,0,0,0,0,0,0,0,0,0,0,0,0,0,4,13,2
azkaban,0,0,0,0,0,0,0,0,0,0,0,1,2,2,22,17,5
party games,0,0,0,0,0,0,0,0,0,0,0,0,0,1,5,4,1
drinking games,0,0,0,0,0,0,0,0,0,0,1,0,0,0,4,7,3
smoking,0,0,0,0,0,0,0,0,0,0,0,1,0,2,6,8,6
bonding,0,0,0,0,0,0,0,0,0,0,0,0,1,1,10,6,1
loss,0,0,0,0,0,0,0,0,0,0,0,0,0,0,5,16,4
fantasy,0,0,0,0,0,0,0,0,0,0,0,0,1,4,7,6,2
adoption,0,0,0,0,0,1,0,0,0,0,0,0,1,1,7,13,2
recreational drug use,0,0,0,0,0,0,0,0,0,0,0,0,0,2,15,13,5
female friendship,0,0,0,0,0,0,0,0,1,0,0,0,0,0,5,4,5
drabble collection,0,0,0,0,1,0,1,0,1,0,1,1,0,3,12,29,8
romantic comedy,0,0,0,0,0,0,0,0,0,0,0,0,1,4,5,4,2
father-son relationship,0,0,0,0,0,0,0,0,0,0,0,0,2,3,13,18,2
good lucius malfoy,0,0,0,0,0,0,0,0,0,0,1,0,1,1,2,11,2
squibs,0,0,0,0,0,0,0,0,0,0,0,0,0,0,7,4,2
good petunia dursley,0,0,0,0,0,0,0,0,0,0,0,0,1,0,2,5,2
mild smut,0,0,0,0,0,0,0,0,0,0,0,0,0,0,9,6,5
explicit consent,0,0,0,0,0,0,0,0,0,0,0,0,0,1,6,6,1
alternate canon,0,0,0,0,0,0,0,0,0,0,0,0,1,0,7,2,2
plot what plot/porn without plot,0,0,0,0,0,0,0,0,0,0,0,0,0,2,67,74,18
tentacles,0,0,0,0,0,0,0,0,0,0,0,0,0,1,3,6,1
i guess,0,0,0,0,0,0,0,0,0,0,0,0,0,1,7,6,3
lust,0,0,0,0,0,0,0,0,0,0,0,0,0,0,4,6,2
curses,0,0,0,0,0,0,0,0,0,0,0,0,0,1,7,12,1
marriage,0,0,0,0,0,0,0,0,0,0,0,0,2,2,16,16,4
marriage law challenge,0,0,0,0,0,0,0,0,0,0,0,0,0,1,4,9,0
family secrets,0,0,0,0,0,0,0,0,0,0,0,0,1,3,6,10,1
psychological horror,0,0,0,0,0,0,0,0,0,1,1,0,0,0,3,3,3
pov ginny weasley,0,0,0,0,0,0,0,0,0,0,0,0,0,0,3,4,4
alternate universe - always a different sex,0,0,0,0,0,0,0,0,0,0,0,0,1,3,2,5,4
alternate universe - gender changes,0,0,0,0,0,0,0,0,0,0,0,0,1,4,10,10,5
getting back together,0,0,0,0,0,0,0,0,0,0,0,0,0,0,8,14,4
tumblr prompt,0,0,0,0,0,0,0,0,0,0,0,0,0,2,11,21,3
alternate universe - college/university,0,0,0,0,0,0,0,0,0,0,0,0,0,0,27,17,8
found family,0,0,0,0,0,0,0,0,0,0,0,0,0,1,6,15,6
lgbtq character,0,0,0,0,0,0,0,0,0,0,0,0,1,0,9,10,2
cunnilingus,0,0,0,0,0,0,0,0,1,0,0,0,0,3,16,19,8
nipple play,0,0,0,0,0,0,0,0,0,0,0,0,0,1,10,4,4
one night stands,0,0,0,0,0,0,0,0,0,0,0,0,0,0,3,7,5
comedy,0,0,0,0,0,0,0,0,0,0,0,0,0,3,21,13,2
multiple orgasms,0,0,0,0,0,0,0,0,0,0,0,0,0,2,15,10,3
true love,0,0,0,0,0,0,0,0,1,0,0,0,0,1,19,15,4
slow romance,0,0,0,0,0,0,0,0,0,0,0,0,3,1,8,14,3
community: hpft,0,0,0,0,0,0,0,0,0,0,0,0,7,0,11,11,4
podfic length: 10-20 minutes,0,0,0,0,0,0,0,0,0,0,0,0,0,0,4,4,5
good narcissa black malfoy,0,0,0,0,0,0,0,0,0,0,0,0,2,0,10,12,3
alternate hogwarts house sorting,0,0,0,0,0,0,0,0,0,0,0,0,0,0,8,2,0
team as family,0,0,0,0,0,0,0,0,0,0,0,1,0,0,3,5,1
dark harry,0,0,0,0,0,0,0,0,0,0,1,2,2,5,26,17,2
harry potter is a horcrux,0,0,0,0,0,0,0,0,0,0,0,1,0,2,6,13,2
bamf hermione granger,0,0,0,0,0,0,0,0,0,0,1,0,0,3,16,15,7
gryffindor/slytherin inter-house relationships,0,0,0,0,0,0,0,0,0,0,0,0,0,1,8,11,2
hogwarts founders era,0,0,0,0,0,0,0,0,0,0,0,0,0,0,5,2,3
blood magic,0,0,0,0,0,0,0,0,0,0,0,0,0,0,8,6,3
elemental magic,0,0,0,0,0,0,0,0,0,0,0,0,0,0,5,3,2
gay remus lupin,0,0,0,0,0,0,0,0,0,0,0,0,0,0,6,6,1
top remus lupin,0,0,0,0,0,0,0,0,0,0,0,0,0,0,2,7,1
light dom/sub,0,0,0,0,0,0,0,0,0,0,0,0,0,2,16,15,5
choking,0,0,0,0,0,0,0,0,0,0,0,0,0,1,7,9,1
department of mysteries,0,0,0,0,0,0,0,0,0,0,0,0,0,0,7,2,1
my first work in this fandom,0,0,0,0,0,0,0,0,0,0,0,0,0,0,5,3,2
some humor,0,0,0,0,0,0,0,0,0,0,0,0,0,1,4,6,1
kind of,0,0,0,0,0,0,0,0,0,0,0,0,0,4,10,14,4
bisexual sirius black,0,0,0,0,0,0,0,0,0,0,0,0,0,0,7,4,1
remus lupin needs a hug,0,0,0,0,0,0,0,0,0,0,0,0,0,0,17,4,5
minor james potter/lily evans potter,0,0,0,0,0,0,0,0,0,0,0,0,0,0,10,4,2
sirius black and james potter friendship,0,0,0,0,0,0,0,0,0,0,0,0,0,1,16,13,4
post-sirius black in azkaban,0,0,0,0,0,0,0,0,0,0,1,0,0,0,11,4,2
genderfluid character,0,0,0,0,0,0,0,0,0,0,0,0,0,1,3,4,3
room of requirement,0,0,0,0,0,0,0,0,0,0,0,1,0,0,7,10,3
underage - freeform,0,0,0,0,0,0,0,0,0,0,1,0,0,0,3,5,2
draco malfoy is bad at feeling,0,0,0,0,0,0,0,0,0,0,0,0,0,1,2,4,3
manipulation,0,0,0,0,0,0,0,0,0,1,1,0,1,2,15,13,2
dancing,0,0,0,0,0,0,0,0,0,0,0,0,0,3,15,17,2
london,0,0,0,0,0,0,0,0,0,0,0,1,0,2,3,7,1
slowburn,0,0,0,0,0,0,0,0,0,0,0,0,1,2,1,5,1
major character death - freeform,0,0,0,0,0,0,0,0,0,0,0,0,0,1,7,3,0
unforgivable curses,0,0,0,0,0,0,0,0,0,0,0,0,0,3,4,3,2
pranks,0,0,0,0,0,0,0,0,0,0,0,0,0,1,3,5,2
snogging,0,0,0,0,0,0,0,0,0,0,0,0,0,0,6,8,3
murder mystery,0,0,0,0,0,0,0,0,0,0,0,0,0,1,13,11,4
parenthood,0,0,0,0,0,0,0,0,0,0,0,0,0,0,6,9,2
father-daughter relationship,0,0,0,0,0,0,0,0,0,0,0,0,1,0,4,9,1
late night conversations,0,0,0,0,0,0,0,0,0,0,0,0,0,0,3,7,2
перевод на русский / translation in russian,0,0,0,0,0,0,0,0,0,0,0,0,0,0,10,17,1
diagon alley,0,0,0,0,0,0,0,0,0,0,0,0,0,1,5,7,1
wizarding wars,0,0,0,0,0,0,0,0,0,0,0,0,0,2,8,4,4
eventual relationships,0,0,0,0,0,0,0,0,0,0,0,0,2,2,4,9,4
creature harry potter,0,0,0,0,0,0,0,0,0,0,0,0,0,1,7,8,5
older man/younger woman,0,0,0,0,0,0,0,0,0,0,0,0,0,3,4,10,2
protectiveness,0,0,0,0,0,0,0,0,0,0,0,0,1,0,10,3,2
first dates,0,0,0,0,0,0,0,0,0,0,0,0,1,1,11,11,6
dating,0,0,0,0,0,0,0,0,1,0,0,0,0,0,7,1,1
getting to know each other,0,0,0,0,0,0,0,0,0,0,0,0,0,0,9,5,3
obsession,0,0,0,0,0,0,0,0,0,0,0,0,1,2,4,10,4
suicide,0,0,0,0,0,0,0,0,0,0,0,0,1,0,12,9,4
recovery,0,0,0,0,0,0,0,0,0,0,0,0,0,4,16,7,7
first kiss,0,0,1,0,0,0,0,1,0,1,0,1,0,5,62,76,26
bisexual female character,0,0,0,0,0,0,0,0,0,0,0,0,0,3,2,3,2
first love,0,0,0,0,0,0,0,0,0,0,0,1,1,3,11,9,5
dragons,0,0,0,0,0,0,0,0,0,0,1,0,2,7,18,14,9
veela mates,0,0,0,0,0,0,0,0,0,0,0,0,0,2,5,6,2
durmstrang,0,0,0,0,0,0,0,0,0,0,0,0,1,0,7,3,1
femslash,0,0,0,0,0,0,0,0,0,0,0,0,1,2,20,19,5
good bellatrix black lestrange,0,0,0,0,0,0,0,0,0,0,0,0,1,1,2,5,1
deepthroating,0,0,0,0,0,0,0,0,0,0,0,0,2,1,4,10,1
threesome,0,0,0,0,0,0,0,0,0,0,0,1,0,2,4,14,3
threesome - f/m/m,0,0,0,0,0,0,0,0,0,0,0,0,0,5,16,29,4
gryffindor vs. slytherin rivalry,0,0,0,0,0,0,0,0,0,0,0,1,1,0,7,6,3
co-workers,0,0,0,0,0,0,0,0,0,0,0,0,0,1,5,11,7
office sex,0,0,0,0,0,0,0,0,0,0,0,0,0,0,7,5,3
alternate universe - no voldemort,0,0,0,0,0,0,0,0,0,0,0,0,0,7,15,16,8
alternative universe,0,0,0,0,0,0,0,0,0,0,0,0,0,2,11,8,2
pwp,0,0,0,0,0,0,0,0,0,0,0,0,2,1,29,24,6
pre-canon,0,0,0,0,0,0,0,0,0,0,0,0,0,1,9,26,10
not actually unrequited love,0,0,0,0,0,0,0,0,0,0,0,0,0,0,6,8,4
major original character,0,0,0,0,0,0,0,0,0,0,0,0,0,0,5,4,2
demons,0,0,0,0,0,0,0,0,0,0,0,1,1,1,8,5,5
baby harry potter,0,0,0,0,0,0,0,0,0,0,0,0,0,0,6,6,1
hugs,0,0,0,0,0,0,0,0,0,0,0,0,0,0,6,8,1
forced orgasm,0,0,0,0,0,0,0,0,0,0,0,0,0,2,4,4,1
forced bonding,0,0,0,0,0,0,0,0,0,0,0,0,1,1,2,6,1
genderswap,0,0,0,0,0,0,0,0,0,0,1,0,0,2,6,6,1
中文翻译 / translation in chinese,0,0,0,0,0,0,0,0,0,0,0,0,0,0,5,12,2
young tom riddle,0,0,0,0,0,0,0,0,0,0,0,0,0,3,9,9,7
manipulative tom riddle,0,0,0,0,0,0,0,0,0,0,0,0,0,0,1,6,7
dubious morality,0,0,0,0,0,0,0,0,0,0,0,0,0,0,3,6,2
politics,0,0,0,0,0,1,0,0,0,0,0,1,2,3,15,17,4
abusive parents,0,0,0,0,0,0,0,0,0,0,0,0,0,2,2,7,1
abusive relationships,0,0,0,0,0,0,0,0,0,0,0,0,0,1,3,5,3
moral ambiguity,0,0,0,0,0,0,0,0,0,1,0,0,0,0,6,5,2
parseltongue,0,0,0,0,0,0,0,0,0,1,0,0,1,5,11,18,4
suspense,0,0,0,0,0,0,0,0,0,1,0,1,1,1,5,5,2
unreliable narrator,0,0,0,0,0,0,0,0,0,0,0,0,0,0,4,5,2
severitus,0,0,0,0,0,0,0,0,0,0,0,0,0,3,7,0,0
abused harry potter,0,0,0,0,0,0,0,0,0,0,0,0,1,0,4,8,0
prophecy,0,0,0,0,0,0,0,0,0,0,0,0,1,2,7,5,2
hogwarts au,0,0,0,0,0,0,0,0,0,0,0,0,1,2,7,6,1
non-consensual body modification,0,0,0,0,0,0,0,0,0,0,0,0,0,0,5,6,0
mirror of erised,0,0,0,0,0,0,0,0,0,0,0,0,0,1,11,3,1
black hermione granger,0,0,0,0,0,0,0,0,0,0,0,0,1,3,9,10,3
jewish character,0,0,0,0,0,0,0,0,0,0,0,0,0,0,5,3,2
wedding,0,0,0,0,0,0,0,0,0,0,0,0,1,2,17,25,3
werewolf mates,0,0,0,0,0,0,0,0,0,0,0,1,1,0,2,6,0
mating bond,0,0,0,0,0,0,0,0,0,0,0,0,0,1,3,5,1
character bashing,0,0,0,0,0,0,0,0,0,1,1,1,4,1,5,9,2
slytherin hermione granger,0,0,0,0,0,0,0,0,0,0,0,0,0,2,4,1,4
hermione granger and harry potter friendship,0,0,0,0,0,0,0,0,0,0,0,0,0,0,6,8,0
angst and romance,0,0,0,0,0,0,0,0,0,0,0,0,0,2,9,7,4
healer harry potter,0,0,0,0,0,0,0,0,0,0,0,0,0,0,5,7,1
christmas,0,0,0,0,0,0,0,0,0,0,0,0,2,4,71,75,7
pwp without porn,0,0,0,0,0,0,0,0,0,0,0,0,0,0,7,2,1
miscarriage,0,0,0,0,0,0,0,0,0,0,0,0,0,1,3,5,2
omega harry potter,0,0,0,0,0,0,0,0,0,0,0,0,0,1,2,4,3
cannibalism,0,0,0,0,0,0,0,0,0,0,1,0,0,0,4,3,4
sibling incest,0,0,0,0,0,0,0,0,0,0,0,0,0,1,15,23,4
hufflepuff pride,0,0,0,0,0,0,0,0,0,0,0,0,1,0,5,4,3
snakes,0,0,0,0,0,0,0,0,0,0,0,0,0,1,5,6,2
art,0,0,0,0,0,0,0,0,0,0,0,1,1,2,38,35,2
rating may change,0,0,0,0,0,0,0,0,0,0,0,0,4,4,9,9,0
autistic harry potter,0,0,0,0,0,0,0,0,0,0,0,0,0,0,1,3,6
complete,0,0,0,0,0,0,0,0,2,0,0,1,0,3,20,30,5
light bdsm,0,0,0,0,0,0,0,0,1,0,0,0,0,0,19,17,2
triad - freeform,0,0,0,0,0,0,0,0,0,0,0,0,0,0,3,6,2
young gellert grindelwald,0,0,0,0,0,0,0,0,0,0,0,0,0,0,5,6,4
young albus dumbledore,0,0,0,0,0,0,0,0,0,0,0,0,0,0,6,6,4
rough kissing,0,0,0,0,0,0,0,0,0,0,0,0,1,1,3,4,2
drunkenness,0,0,0,0,0,0,0,0,0,0,1,0,0,1,3,5,1
drunken confessions,0,0,0,0,0,0,0,0,0,0,1,0,0,0,5,2,3
spells and enchantments,0,0,0,0,0,0,0,0,0,0,0,0,0,1,5,3,2
safe sane and consensual,0,0,0,0,0,0,0,0,0,0,0,0,0,0,3,7,3
consent,0,0,0,0,0,0,0,0,0,0,0,0,0,0,5,3,3
world travel,0,0,0,0,0,0,0,0,0,0,0,0,0,2,3,4,2
christmas fluff,0,0,0,0,0,0,0,0,0,0,0,0,1,1,58,45,6
christmas eve,0,0,0,0,0,0,0,0,0,0,0,0,0,0,11,7,1
christmas smut,0,0,0,0,0,0,0,0,0,0,0,0,0,0,5,4,2
harry potter has a twin,0,0,0,0,0,0,0,0,0,0,0,0,0,0,5,5,5
wrong boy-who-lived,0,0,0,0,0,0,0,0,0,0,0,0,1,2,12,11,3
transphobia,0,0,0,0,0,0,0,0,0,0,0,0,0,0,5,3,3
matchmaking,0,0,0,0,0,0,0,0,0,0,0,0,0,0,6,5,3
smart harry,0,0,0,0,0,0,0,0,0,0,0,0,1,4,7,5,1
ravenclaw harry potter,0,0,0,0,0,0,0,0,0,0,0,0,0,1,5,5,1
verbal abuse,0,0,0,0,0,0,0,0,0,0,0,0,0,1,5,4,2
magical creatures,0,0,0,0,0,0,0,0,0,0,1,0,0,1,6,5,1
kinda,0,0,0,0,0,0,0,0,0,0,0,0,0,0,6,16,6
alternate universe - dark,0,0,0,0,0,0,0,0,0,1,0,0,1,0,9,9,0
healers,0,0,0,0,0,0,0,0,0,0,0,0,0,0,3,6,1
snarry,0,0,0,0,0,0,0,0,0,0,0,0,0,2,7,7,1
age difference,0,0,0,0,0,0,0,1,0,1,0,1,0,5,33,30,15
alpha/omega,0,0,0,0,0,0,0,0,0,0,0,0,0,0,11,9,3
mating cycles/in heat,0,0,0,0,0,0,0,0,0,0,0,0,2,0,8,4,2
knotting,0,0,0,0,0,0,0,0,0,0,0,0,0,0,13,10,1
protective harry potter,0,0,0,0,0,0,0,0,0,0,0,0,0,0,3,5,4
post war,0,0,0,0,0,0,0,0,0,0,0,0,0,0,13,7,1
amnesia,0,0,0,0,0,0,0,0,0,0,0,0,0,1,5,7,2
betrayal,0,0,0,0,0,0,0,0,0,0,0,0,0,1,19,15,1
quidditch player ginny weasley,0,0,0,0,0,0,0,0,0,0,0,0,0,2,3,7,2
oblivious harry,0,0,0,0,0,0,0,0,0,0,0,0,1,0,11,13,2
drarry discord writers corner drabble challenge,0,0,0,0,0,0,0,0,0,0,0,0,0,0,14,43,20
hogwarts first year,0,0,0,0,0,0,0,0,0,0,0,0,1,2,20,20,5
male-female friendship,0,0,0,0,0,0,0,0,0,0,0,1,0,2,10,7,3
child neglect,0,0,0,0,0,0,0,0,0,0,0,1,1,2,3,9,3
hermione granger is a good friend,0,0,0,0,0,0,0,0,0,0,0,0,2,1,6,12,1
asexual character,0,0,0,0,0,0,0,0,0,0,0,1,1,3,11,13,1
harry potter has post-traumatic stress disorder,0,0,0,0,0,0,0,0,0,0,0,0,0,1,5,8,1
alternate universe - reincarnation,0,0,0,0,0,0,0,0,0,0,0,0,0,1,5,7,3
sibling,0,0,0,0,0,0,0,0,0,0,0,1,1,0,6,8,1
break up,0,0,0,0,0,0,0,0,0,0,0,0,0,0,6,21,3
accidental voyeurism,0,0,0,0,0,0,0,0,0,0,0,1,0,0,12,8,5
sexual fantasy,0,0,0,0,0,0,0,0,0,0,0,0,0,0,5,8,3
hogwarts library,0,0,0,0,0,0,0,0,0,0,0,0,0,0,3,4,4
forced marriage,0,0,0,0,0,0,0,0,0,0,0,1,0,1,4,6,1
denial,0,0,0,0,0,0,0,0,0,0,0,0,0,1,6,10,0
do not copy to another site,0,0,0,0,0,0,0,0,0,0,0,0,0,0,2,8,3
strangers to lovers,0,0,0,0,0,0,0,0,0,0,0,0,0,1,8,10,1
wizards,0,0,0,0,0,0,0,0,0,0,0,1,2,0,14,5,2
past hermione granger/ron weasley,0,0,0,0,0,0,0,0,0,0,0,0,0,2,8,6,3
alternate universe - fantasy,0,0,0,0,0,0,0,0,0,0,0,0,0,0,5,9,4
rituals,0,0,0,0,0,0,0,0,0,0,1,0,0,0,5,13,0
ambiguous/open ending,0,0,0,0,0,0,0,0,0,0,0,0,0,0,17,19,6
gryffindor,0,0,0,0,0,0,0,0,0,0,0,0,0,3,14,20,2
alternate universe - royalty,0,0,0,0,0,0,0,0,0,0,0,0,1,1,1,6,4
timeline what timeline,0,0,0,0,0,0,0,0,0,0,0,1,0,0,2,6,3
romantic soulmates,0,0,0,0,0,0,0,0,0,0,0,0,0,0,8,7,4
harry is a little shit,0,0,0,0,0,0,0,0,0,0,0,0,1,1,8,7,1
action and romance,0,0,0,0,0,0,0,0,0,0,0,0,2,2,2,4,1
minor harry potter/ginny weasley,0,0,0,0,0,0,0,0,0,0,0,0,0,0,7,3,0
draco malfoy in the muggle world,0,0,0,0,0,0,0,0,0,0,0,0,0,4,7,10,5
sibling bonding,0,0,0,0,0,0,0,0,0,0,0,0,1,0,6,7,3
humiliation,0,0,0,0,0,0,0,0,0,0,0,0,0,3,12,6,4
no sex,0,0,0,0,0,0,0,0,0,0,0,0,0,0,6,2,2
necromancy,0,0,0,0,0,1,0,0,0,0,1,0,0,0,6,7,2
tropes,0,0,0,0,0,0,0,0,0,0,0,0,0,1,6,3,0
self-insert,0,0,0,0,0,0,0,0,0,0,0,0,0,1,13,7,1
transfiguration,0,0,0,0,0,0,0,0,0,0,0,0,0,0,1,2,7
love at first sight,0,0,0,0,0,0,0,0,0,0,0,0,0,3,1,8,3
declarations of love,0,0,0,0,0,0,0,0,0,0,0,0,0,3,6,9,3
dom harry potter,0,0,0,0,0,0,0,0,0,0,0,0,0,0,2,13,1
sub draco malfoy,0,0,0,0,0,0,0,0,0,0,0,0,0,0,4,10,2
metamorphmagus,0,0,0,0,0,0,0,0,0,0,0,0,1,0,5,10,2
injury recovery,0,0,0,0,0,0,0,0,0,0,0,0,0,2,5,1,4
5+1 thing,0,0,0,0,0,0,0,0,0,0,0,0,0,1,8,4,2
dimension travel,0,0,0,0,0,0,0,0,0,0,0,1,2,5,15,13,3
power dynamics,0,0,0,0,0,0,0,0,0,0,0,1,0,0,6,9,10
alternate timelines,0,0,0,0,0,0,0,0,0,0,0,0,0,0,5,6,1
feeling,0,0,0,0,0,0,0,0,0,0,0,0,0,1,9,13,3
werewolf,0,0,0,0,0,0,0,0,0,1,0,0,1,1,6,2,1
cheating,0,0,0,0,0,0,0,0,0,0,0,0,1,3,7,13,6
party,0,0,0,0,0,0,0,0,0,0,0,0,0,0,7,2,2
fingering,0,0,0,0,0,0,0,0,0,0,1,0,0,0,12,5,1
crossovers and fandom fusions,0,0,0,0,0,0,0,0,1,0,0,0,0,1,10,22,4
age regression/de-aging,0,0,0,0,0,0,0,0,0,0,0,1,1,1,12,6,2
protective draco malfoy,0,0,0,0,0,0,0,0,0,0,0,0,0,0,4,4,2
plotbunnies,0,0,0,0,0,0,0,0,0,0,0,0,0,0,9,1,1
scorbus,0,0,0,0,0,0,0,0,0,0,0,0,0,1,9,7,3
alternate universe - historical,0,0,0,0,0,0,0,0,0,0,0,0,1,0,10,9,1
wizarding traditions,0,0,0,0,0,0,0,0,0,0,0,0,2,1,6,4,2
no horcruxes,0,0,0,0,0,0,0,0,0,0,0,0,0,2,4,4,3
tags are hard,0,0,0,0,0,0,0,0,0,0,0,0,0,2,2,9,2
sleepy cuddles,0,0,0,0,0,0,0,0,0,0,0,0,0,0,4,10,2
cuddling and snuggling,0,0,0,0,0,0,0,0,0,0,0,1,1,2,15,13,3
studying,0,0,0,0,0,0,0,0,0,0,0,0,0,0,5,3,2
mild hurt/comfort,0,0,0,0,0,0,0,0,0,0,0,0,0,0,7,10,3
james potter lives,0,0,0,0,0,0,0,0,0,0,0,0,0,5,7,11,3
no plot/plotless,0,0,0,0,0,0,0,0,0,0,0,0,0,1,5,9,2
ficlet,0,0,0,0,0,0,0,0,0,0,0,0,0,0,21,34,12
non-consensual drug use,0,0,0,0,0,0,0,0,0,0,0,0,1,0,5,9,2
implied/referenced drug use,0,0,0,0,0,0,0,0,0,0,0,0,0,2,5,4,4
amortentia,0,0,0,0,0,0,0,0,0,0,0,0,0,1,6,6,2
cinnamon roll newt scamander,0,0,0,0,0,0,0,0,0,0,0,0,1,1,25,9,0
injury,0,0,0,0,0,0,0,0,0,0,0,0,0,0,11,2,3
oneshot,0,0,0,0,0,0,0,0,0,0,0,0,0,0,31,13,5
short,0,0,0,0,0,0,0,0,0,0,0,0,0,0,7,9,2
sweet,0,0,0,0,0,0,0,0,0,0,0,0,0,0,2,10,2
alternate universe - canon,0,0,0,0,0,0,0,0,0,0,0,0,0,2,4,3,2
podfic and podficced works,0,0,0,0,0,0,0,0,0,0,0,0,0,0,6,5,1
audio format: streaming,0,0,0,0,0,0,0,0,0,0,0,0,0,0,3,4,3
audio format: mp3,0,0,0,0,0,0,0,0,0,0,0,0,0,0,4,3,4
christmas fic,0,0,0,0,0,0,0,0,0,0,0,0,0,1,1,8,0
no beta we die like men,0,0,0,0,0,0,0,0,0,0,0,0,0,0,8,14,4
pranks and practical jokes,0,0,1,0,0,0,0,0,0,0,1,0,0,3,9,7,5
stalking,0,0,0,0,0,0,0,0,0,0,0,0,0,1,4,6,3
veritaserum,0,0,0,0,0,0,0,0,0,0,0,0,0,0,3,6,1
my first fanfic,0,0,0,0,0,0,0,0,0,0,0,0,1,0,7,12,0
fanart,0,0,0,0,0,0,0,0,0,0,0,1,0,3,22,38,6
older characters,0,0,0,0,0,0,0,0,0,0,0,0,0,0,9,7,1
past harry potter/ginny weasley,0,0,0,0,0,0,0,0,0,0,0,0,0,1,11,10,5
past astoria greengrass/draco malfoy,0,0,0,0,0,0,0,0,0,0,0,0,0,1,2,5,2
fairy tale elements,0,0,0,0,0,0,0,0,0,0,0,0,0,1,1,8,4
harry potter au,0,0,0,0,0,0,0,0,0,0,0,0,0,3,7,8,2
temporary character death,0,0,0,0,0,0,0,0,0,0,0,0,0,0,3,9,0
wizengamot,0,0,0,0,0,0,0,0,0,0,0,0,1,0,5,4,0
this is why we can't have nice thing,0,0,0,0,0,0,0,0,0,0,0,0,1,0,4,9,0
digital art,0,0,0,0,0,0,0,0,1,0,0,0,0,1,13,22,5
head girl hermione granger,0,0,0,0,0,0,0,0,0,0,0,0,0,0,6,4,1
biting,0,0,0,0,0,0,0,0,0,0,0,0,1,2,14,10,2
magical tattoos,0,0,0,0,0,0,0,0,0,0,0,0,0,2,2,5,1
the deathly hallows,0,0,0,0,0,0,0,0,0,0,0,1,0,4,6,13,3
invisibility cloak,0,0,0,0,0,0,0,0,0,0,0,1,0,0,4,6,0
dark hermione granger,0,0,0,0,0,0,0,0,0,0,0,0,0,1,9,7,1
protective original percival graves,0,0,0,0,0,0,0,0,0,0,0,0,1,0,7,6,1
detention,0,0,0,0,0,0,0,0,0,0,0,1,0,0,10,8,1
rivalry,0,0,0,0,0,0,0,0,0,0,0,0,0,1,6,2,1
stockholm syndrome,0,0,0,0,0,0,0,0,0,0,0,0,1,1,7,9,1
introspection,0,0,0,0,0,0,0,0,0,0,0,0,1,0,7,42,17
based on a tumblr post,0,0,0,0,0,0,0,0,0,0,0,0,0,0,18,5,3
inspired by tumblr,0,0,0,0,0,0,0,0,0,0,0,0,0,0,13,3,2
wordcount: 100-500,0,0,0,0,0,0,0,0,0,0,0,0,0,0,12,10,2
second chances,0,0,0,0,0,0,0,0,0,0,0,1,1,0,6,2,2
canon universe,0,0,0,0,0,0,0,0,0,0,0,0,0,2,2,7,2
touch-starved,0,0,0,0,0,0,0,0,0,0,0,0,1,2,4,3,1
rain,0,0,0,0,0,0,0,0,0,0,0,0,0,1,3,7,1
fights,0,0,0,0,0,0,0,0,0,0,0,1,0,0,5,6,1
hair-pulling,0,0,0,0,0,0,0,0,0,0,0,0,1,0,4,4,2
yule ball,0,0,0,0,0,0,0,0,0,1,0,0,2,0,13,12,2
minor seamus finnigan/dean thomas,0,0,0,0,0,0,0,0,0,0,0,0,0,1,2,5,2
tragedy,0,0,0,0,0,0,0,0,0,0,0,0,0,1,8,12,1
light bondage,0,0,0,0,0,0,0,0,0,0,0,0,0,1,15,15,3
size kink,0,0,0,0,0,0,0,0,0,0,0,0,0,1,14,5,1
awkward romance,0,0,0,0,0,0,0,0,0,0,0,0,0,2,7,6,0
post hogwarts au,0,0,0,0,0,0,0,0,0,0,0,1,0,3,7,0,0
attempt at humor,0,0,0,0,0,0,0,1,0,0,0,0,0,3,20,14,6
implied/referenced cheating,0,0,0,0,0,0,0,0,0,0,0,1,0,0,6,8,2
protective newt scamander,0,0,0,0,0,0,0,0,0,0,0,0,0,0,8,4,1
period-typical homophobia,0,0,0,0,0,0,0,0,0,0,0,0,0,0,1,9,1
spies and secret agents,0,0,0,0,0,0,0,0,0,0,0,0,0,3,6,2,1
cross-generation relationship,0,0,0,0,0,0,0,0,0,0,0,0,0,0,6,4,1
orgasm delay/denial,0,0,0,0,0,0,0,0,0,0,0,0,0,2,9,12,2
blindfolds,0,0,0,0,0,0,0,0,0,0,0,0,0,0,5,6,1
old fic,0,0,0,0,0,0,0,0,0,0,0,0,0,0,9,0,1
ministry of magic employee draco malfoy,0,0,0,0,0,0,0,0,0,0,0,0,0,0,5,6,2
like,0,0,0,0,0,0,0,0,0,0,0,0,0,0,5,5,0
top harry,0,0,0,0,0,0,0,0,0,0,0,1,1,3,20,17,1
mild language,0,0,0,0,0,0,0,0,1,0,0,0,2,2,16,17,5
fluffy,0,0,0,0,0,0,0,0,0,0,0,0,0,0,13,5,1
maybe - freeform,0,0,0,0,0,0,0,0,0,0,0,0,0,1,5,4,0
mind manipulation,0,0,0,0,0,0,0,0,0,1,0,0,0,1,3,6,3
facials,0,0,0,0,0,0,0,0,0,0,0,0,0,0,3,5,2
barebacking,0,0,0,0,0,0,0,0,0,0,0,0,0,1,5,8,1
masturbation in shower,0,0,0,0,0,0,0,0,0,0,0,0,0,1,4,4,1
pining harry potter,0,0,0,0,0,0,0,0,0,0,0,0,0,0,2,7,1
riding,0,0,0,0,0,0,0,0,0,0,0,0,0,0,4,6,0
orgy,0,0,0,0,0,0,0,0,0,0,0,0,0,1,2,9,0
unrequited crush,0,0,0,0,0,0,0,0,0,0,0,0,0,0,8,8,2
young love,0,0,0,0,0,0,0,0,0,0,0,0,0,0,5,7,2
everyone is gay,0,0,0,0,0,0,0,0,0,0,0,0,0,0,10,6,2
but not really,0,0,0,0,0,0,0,0,0,0,0,0,0,0,9,5,0
doggy style,0,0,0,0,0,0,0,0,0,0,0,0,0,1,3,5,2
epic friendship,0,0,0,0,0,0,0,0,0,0,0,0,0,1,10,1,1
fem!harry,0,0,0,0,0,0,0,0,0,0,0,0,1,2,9,3,1
the burrow,0,0,0,0,0,0,0,0,0,0,0,0,0,1,7,9,2
alternate universe - no powers,0,0,0,0,0,0,0,0,0,0,0,0,0,0,9,7,3
clubbing,0,0,0,0,0,0,0,0,0,0,0,0,0,1,3,5,2
running away,0,0,0,0,0,0,0,0,0,0,0,0,0,1,3,5,1
established draco malfoy/harry potter,0,0,0,0,0,0,0,0,0,0,0,0,0,0,5,4,1
hogwarts second year,0,0,0,0,0,0,0,0,0,0,0,0,0,1,4,6,1
alternate universe - different first meeting,0,0,0,0,0,0,0,0,0,0,0,0,0,0,4,6,3
hopeful ending,0,0,0,0,0,0,0,0,0,0,0,0,0,1,8,11,3
platonic soulmates,0,0,0,0,0,0,0,0,0,0,0,0,0,0,6,4,2
pain,0,0,0,0,0,0,0,0,0,0,0,1,0,1,10,7,1
missing scene,0,0,0,0,0,0,0,0,0,0,0,0,0,0,23,17,3
ficlet collection,0,0,0,0,0,0,0,0,0,0,0,0,0,0,6,11,2
head auror harry potter,0,0,0,0,0,0,0,0,0,0,0,0,0,0,6,8,2
bamf minerva mcgonagall,0,0,0,0,0,0,0,0,0,0,0,0,1,0,5,3,4
awkward sexual situations,0,0,0,0,0,0,0,1,0,0,0,0,1,1,4,4,1
aged-up character,0,0,0,0,0,0,0,0,0,0,0,0,0,1,5,5,0
goblins,0,0,0,0,0,0,0,0,0,0,0,0,1,1,4,2,2
teen angst,0,0,0,0,0,0,0,0,0,0,0,0,1,1,9,3,0
beauxbatons,0,0,0,0,0,0,0,0,0,0,0,0,1,1,3,5,0
sorry not sorry,0,0,0,0,0,0,0,0,0,0,0,0,0,1,10,12,0
canon gay relationship,0,0,0,0,0,0,0,0,0,0,0,0,0,0,2,13,2
post hogwarts,0,0,0,0,0,0,0,0,0,0,0,0,0,1,4,6,0
slurs,0,0,0,0,0,0,0,0,0,1,0,0,0,0,3,4,2
idk - freeform,0,0,0,0,0,0,0,0,0,0,0,0,1,1,6,5,2
polyjuice potion,0,0,0,0,0,0,0,0,0,0,0,0,0,0,8,13,0
post-coital cuddling,0,0,0,0,0,0,0,0,0,0,0,0,0,0,5,4,1
nsfw,0,0,0,0,0,0,0,0,0,0,0,0,0,0,9,3,0
snark,0,0,0,0,0,0,0,0,0,0,0,0,0,0,5,6,2
fanfiction,0,0,0,0,0,0,0,0,0,0,0,0,1,2,4,6,1
fun,0,0,0,0,0,0,0,0,0,0,0,0,0,1,3,5,1
reconciliation,0,0,0,0,0,0,0,0,0,0,0,0,0,0,4,7,0
podfic length: 0-10 minutes,0,0,0,0,0,0,0,0,0,0,0,0,0,0,8,4,2
valentine's day,0,0,0,0,0,0,0,0,0,0,0,0,0,0,6,9,6
minor injuries,0,0,0,0,0,0,0,0,0,0,0,0,0,0,7,1,2
past sexual abuse,0,0,0,0,0,0,0,0,0,0,0,1,1,1,6,2,3
smitten original percival graves,0,0,0,0,0,0,0,0,0,0,0,0,0,0,4,5,1
femslash february,0,0,0,0,0,0,0,0,0,0,0,0,0,0,0,7,3
nudity,0,0,0,0,0,0,0,0,0,0,0,1,0,3,10,6,0
discord: bellamione cult,0,0,0,0,0,0,0,0,0,0,0,0,0,0,0,20,3
innuendo,0,0,0,0,0,0,0,0,0,0,0,0,0,0,3,5,3
the quidditch league fanfiction competition,0,0,0,0,0,0,0,0,0,0,0,0,0,0,8,1,2
don't copy to other sites,0,0,0,0,0,0,0,0,0,0,0,0,0,0,4,9,3
graphic description,0,0,0,0,0,0,0,0,0,0,0,0,0,0,2,7,1
romantic friendship,0,0,0,0,0,0,0,0,0,0,0,0,1,1,10,1,1
insanity,0,0,0,0,0,0,0,0,0,0,0,0,1,0,4,8,2
post-break up,0,0,0,0,0,0,0,0,0,0,0,0,0,0,5,8,1
grindeldore,0,0,0,0,0,0,0,0,0,0,0,0,0,0,3,6,1
time skips,0,0,0,0,0,0,0,0,0,0,0,0,0,0,6,12,2
sexual humor,0,0,0,0,0,0,0,0,0,0,0,0,0,0,7,5,0
bad flirting,0,0,0,0,0,0,0,0,0,0,0,0,0,0,2,7,1
loneliness,0,0,0,0,0,0,0,0,0,0,0,0,0,1,7,7,0
newtina,0,0,0,0,0,0,0,0,0,0,0,0,0,2,7,7,1
face-fucking,0,0,0,0,0,0,0,0,0,0,0,0,0,2,2,7,2
dildos,0,0,0,0,0,0,0,0,0,0,0,0,0,1,10,5,1
roleplay,0,0,0,0,0,0,0,0,0,0,0,0,0,0,4,4,2
crying,0,0,0,0,0,0,0,0,0,0,0,0,1,1,14,11,2
psychological drama,0,0,0,0,0,0,0,0,1,0,2,0,1,0,4,2,1
master of death,0,0,0,0,0,0,0,0,0,0,0,2,0,2,7,6,0
the author regrets everything,1,0,0,0,0,0,0,0,0,0,1,0,0,0,2,7,1
chocolate,0,0,0,0,0,0,0,0,0,0,0,0,0,0,4,5,2
grey harry,0,0,0,0,0,0,0,0,0,1,0,1,0,3,3,2,0
originally posted on tumblr,0,0,0,0,0,0,0,0,0,0,0,0,0,0,13,8,0
blowjobs,0,0,0,0,0,0,0,0,0,0,0,0,1,0,4,5,1
winter,0,0,0,0,0,0,0,0,0,0,0,0,0,0,9,8,4
food,0,0,0,0,0,0,0,0,0,0,0,0,0,0,5,2,3
babies,0,0,0,0,0,0,0,0,0,0,0,0,0,0,6,4,1
gift fic,0,0,0,0,0,0,0,0,0,0,0,0,0,0,7,15,2
conversations,0,0,0,0,0,0,0,0,0,0,0,0,0,1,6,4,1
sexual violence,0,0,0,0,0,0,0,0,0,0,0,0,0,3,7,2,0
double penetration,0,0,0,0,0,0,0,0,0,0,0,0,0,5,3,9,2
bisexual ginny weasley,0,0,0,0,0,0,0,0,0,0,0,0,0,1,3,6,0
why did i write this,0,0,0,0,0,0,0,0,0,0,0,0,0,1,4,12,2
mistletoe,0,0,0,0,0,0,0,0,0,0,0,0,0,0,12,11,1
snow,0,0,0,0,0,0,0,0,0,0,0,0,0,1,10,11,1
next generation,0,0,0,0,0,0,0,0,0,0,0,0,2,1,4,4,1
duelling,0,0,0,0,0,0,0,0,0,1,0,0,1,2,4,10,1
slight angst,0,0,0,0,0,0,0,0,0,0,0,0,0,0,8,2,1
embarrassment,0,0,0,0,0,0,0,0,0,0,0,0,0,1,5,3,1
bottom draco,0,0,0,0,0,0,0,0,0,0,0,0,1,3,5,7,1
suomi / finnish,0,0,0,0,0,0,0,0,0,0,0,0,0,1,4,5,1
prompt fic,0,0,0,0,0,0,0,0,0,0,0,0,1,0,22,17,2
the sorting hat,0,0,0,0,0,0,0,0,0,0,0,0,1,1,3,7,1
families of choice,0,0,0,0,0,0,0,0,0,1,0,0,0,1,6,6,1
orphanage,0,0,0,0,0,0,0,0,0,0,0,0,1,0,5,4,0
abandoned work - unfinished and discontinued,0,0,0,0,0,0,0,0,0,0,0,0,2,2,9,4,2
sad draco malfoy,0,0,0,0,0,0,0,0,0,0,0,1,0,1,4,4,1
veela draco malfoy,0,0,0,0,0,0,0,0,0,0,0,0,0,4,9,8,1
mental instability,0,0,0,0,0,0,0,0,0,0,0,0,1,2,5,3,2
forbidden love,0,0,0,0,0,0,0,0,0,0,0,0,0,3,4,12,2
sadism,0,0,0,0,0,0,0,0,0,1,0,0,0,3,2,3,1
brother/brother incest,0,0,0,0,0,0,0,0,0,0,0,0,0,0,3,7,2
strong female characters,0,0,0,0,0,0,0,0,0,0,0,0,0,0,6,4,1
fluff without plot,0,0,0,0,0,0,0,0,0,0,0,0,1,0,5,5,1
rough oral sex,0,0,0,0,0,0,0,0,0,0,1,0,1,2,9,6,2
relationship,0,0,0,0,0,0,0,0,0,0,0,0,1,0,4,13,1
implied/referenced domestic violence,0,0,0,0,0,0,0,0,0,0,0,0,0,0,2,8,1
brotherly love,0,0,0,0,0,0,0,0,0,0,0,0,0,0,6,11,3
sibling love,0,0,0,0,0,0,0,0,0,0,0,0,0,0,5,6,2
threesome - f/f/m,0,0,0,0,0,0,0,0,0,0,0,0,1,6,9,4,0
secret crush,0,0,0,0,0,0,0,0,0,0,0,0,0,1,7,21,0
animagi,0,0,0,0,0,0,0,0,0,0,1,0,1,2,3,3,0
please don't hate me,0,0,0,0,0,0,0,0,0,0,0,0,0,0,2,10,0
complicated relationships,0,0,0,0,0,0,0,0,0,0,0,0,1,1,6,4,0
mythical beings and creatures,0,0,0,0,0,0,0,1,0,0,0,1,0,0,10,7,3
autistic luna lovegood,0,0,0,0,0,0,0,0,0,0,0,0,0,0,2,4,4
butt plugs,0,0,0,0,0,0,0,0,0,0,0,0,0,1,5,7,0
brothers,0,0,0,0,0,0,0,0,0,0,0,0,0,0,8,6,3
blowjob,0,0,0,0,0,0,0,0,0,0,0,0,0,2,4,5,1
i tried,0,0,0,0,0,0,0,0,0,0,0,0,0,0,5,6,2
sapphic september,0,0,0,0,0,0,0,0,0,0,0,0,0,0,7,6,1
tea,0,0,0,0,0,0,0,0,0,0,0,0,0,0,4,8,2
early work,0,0,0,0,0,0,0,0,0,0,0,0,0,0,0,25,27
witches,0,0,0,0,0,0,0,0,0,0,0,0,2,0,9,2,1
witchcraft,0,0,0,0,0,0,0,0,1,0,0,0,0,0,7,3,1
sad ending,0,0,0,0,0,0,0,0,0,0,0,0,0,0,12,7,1
pov second person,0,0,0,0,0,0,0,0,0,0,0,0,1,0,5,8,3
bittersweet,0,0,0,0,0,0,0,0,0,0,0,0,0,1,10,6,1
marriage law,0,0,0,0,0,0,0,0,0,0,0,0,0,1,4,8,0
oblivious draco malfoy,0,0,0,0,0,0,0,0,0,0,0,0,0,0,6,6,1
tattoos,0,0,0,0,0,0,0,0,0,0,0,1,0,2,7,8,1
kiss,0,0,0,0,0,0,0,0,0,0,0,0,0,1,11,3,1
afterlife,0,0,0,0,0,0,0,0,0,0,0,1,0,0,4,7,1
bad dumbledore,0,0,0,0,0,0,0,0,0,0,0,0,2,4,5,0,0
pet names,0,0,0,0,0,0,0,0,0,0,0,0,0,0,5,8,1
christmas party,0,0,0,0,0,0,0,0,0,0,0,0,0,0,7,20,0
prompt fill,0,0,0,0,0,0,0,0,0,0,0,0,0,1,1,13,0
crushes,0,0,0,0,0,0,0,0,0,0,0,1,0,0,12,12,0
sickfic,0,0,0,0,0,0,0,0,0,0,0,0,0,0,6,7,0
baking,0,0,0,0,0,0,0,0,0,0,0,0,0,0,6,8,0
reunions,0,0,0,0,0,0,0,0,0,0,0,0,2,0,8,6,0
resolved sexual tension,0,0,0,0,0,0,0,0,0,0,0,0,0,0,9,4,0
coffee shops,0,0,0,0,0,0,0,0,0,0,0,0,0,1,2,9,0
plot twists,0,0,0,0,0,0,0,0,0,0,0,1,0,3,6,1,0
raising harry potter,0,0,0,0,0,0,0,0,0,0,0,0,0,0,7,3,0
outdoor sex,0,0,0,0,0,0,0,0,0,0,0,0,0,1,8,4,0
engagement,0,0,0,0,0,0,0,0,0,0,0,0,1,0,10,2,0
one-sided attraction,0,0,0,0,0,0,0,0,0,0,0,0,0,0,7,10,0
minor luna lovegood/ginny weasley,0,0,0,0,0,0,0,0,0,0,0,0,0,0,7,5,0
grief,0,0,0,0,0,0,0,0,0,0,0,0,0,0,6,5,0
overprotective theseus scamander,0,0,0,0,0,0,0,0,0,0,0,0,0,0,6,5,0
protective theseus scamander,0,0,0,0,0,0,0,0,0,0,0,0,0,1,7,5,0
wanking,0,0,0,0,0,0,0,0,0,0,0,0,0,0,5,5,0
porn,0,0,0,0,0,0,0,0,0,0,0,0,1,2,12,9,0
adultery,0,0,0,0,0,0,0,0,0,0,0,0,0,0,9,4,0
pre-hogwarts,0,0,0,0,0,0,0,0,1,0,0,0,1,0,10,9,0
christmas presents,0,0,0,0,0,0,0,0,0,0,0,0,0,0,3,7,0
books,0,0,0,0,0,0,0,0,0,0,0,0,0,1,4,5,0
insecurity,0,0,0,0,0,0,0,0,0,0,0,0,0,0,8,9,0
come swallowing,0,0,0,0,0,0,0,0,0,0,0,0,0,3,4,6,0
confessions,0,0,0,0,0,0,0,0,0,0,0,0,2,0,5,7,0
post-movie 1: fantastic beasts and where to find them,0,0,0,0,0,0,0,0,0,0,0,0,1,3,11,5,0
post-movie 2: fantastic beasts: the crimes of grindelwald,0,0,0,0,0,0,0,0,0,0,0,0,0,0,12,14,0
childhood,0,0,0,0,0,0,0,0,0,0,0,1,0,0,7,2,0
domestic,0,0,0,0,0,0,0,0,0,0,0,0,0,0,11,12,0
harems,0,0,0,0,0,0,0,0,0,0,0,0,4,1,4,3,0
bickering,0,0,0,0,0,0,0,0,0,0,0,0,0,1,5,7,0
supernatural elements,0,0,0,0,0,0,0,0,0,0,0,0,0,0,4,6,0
future fic,0,0,0,0,0,0,0,0,0,0,0,0,0,1,7,3,0
magical accidents,0,0,0,0,0,0,0,0,0,0,0,0,1,0,3,6,0
divination,0,0,0,0,0,0,0,0,0,0,0,0,0,0,3,8,0
seriously,0,0,0,0,0,0,0,0,0,0,0,0,0,1,5,4,0
desk sex,0,0,0,0,0,0,0,0,0,0,0,0,0,0,5,6,0
courtship,0,0,0,0,0,0,0,0,1,0,0,0,1,0,6,2,0
modern au,0,0,0,0,0,0,0,0,0,0,0,0,0,1,7,7,0
drarropoly: a drarry game/fest,0,0,0,0,0,0,0,0,0,0,0,0,0,0,10,6,0
song fic,0,0,0,0,0,0,0,0,0,0,0,0,0,0,7,8,0
halloween costumes,0,0,0,0,0,0,0,0,0,0,0,1,0,0,5,4,0
headcanon,0,0,0,0,0,0,0,0,0,0,0,0,0,0,10,5,0
grimmauld place,0,0,0,0,0,0,0,0,0,0,0,0,0,2,12,3,0
fluffy ending,0,0,0,0,0,0,0,0,0,0,0,0,0,0,12,12,0
minister for magic hermione granger,0,0,0,0,0,0,0,0,0,0,0,0,0,0,5,6,0
whumptober 2019,0,0,0,0,0,0,0,0,0,0,0,0,0,0,0,14,0
female harry,0,0,0,0,0,0,0,0,0,0,2,0,2,0,4,7,0
drarryland: a drarry game/fest,0,0,0,0,0,0,0,0,0,0,0,0,0,0,0,14,0
wordcount: 100,0,0,0,0,0,0,0,0,0,0,0,0,0,0,2,13,0
world war i,0,0,0,0,0,0,0,0,0,0,0,0,0,1,6,3,0
felix felicis,0,0,0,0,0,0,0,0,0,0,0,0,0,0,5,5,0
wedding fluff,0,0,0,0,0,0,0,0,0,0,0,0,0,0,6,7,0
boyfriends,0,0,0,0,0,0,0,0,0,0,0,0,0,0,7,3,0
flash fic,0,0,0,0,0,0,0,0,0,0,0,0,0,0,12,1,0
pov outsider,0,0,0,0,0,0,0,0,0,0,0,0,0,0,2,8,0
community: hp_drizzle,0,0,0,0,0,0,0,0,0,0,0,0,0,0,4,8,0
slavery,0,0,0,0,0,0,0,0,0,0,0,0,0,3,9,2,0
mwpp,0,0,0,0,0,0,0,0,0,0,0,0,0,0,9,4,0
bellamione cult discord game,0,0,0,0,0,0,0,0,0,0,0,0,0,0,1,9,0
dark lord harry potter,0,0,0,0,0,0,1,0,0,0,0,0,0,0,7,3,0
genderbending,0,0,0,0,0,0,0,0,0,0,0,0,0,3,10,3,0
video game: harry potter: hogwarts mystery,0,0,0,0,0,0,0,0,0,0,0,0,0,0,17,5,0
sibling rivalry,0,0,0,0,0,0,0,0,0,0,0,0,0,1,9,4,0
secret snarry swap 2018,0,0,0,0,0,0,0,0,0,0,0,0,0,0,9,1,0
h/d erised 2018,0,0,0,0,0,0,0,0,0,0,0,0,0,0,12,0,0
community: hd_erised,0,0,0,0,0,0,0,0,0,0,0,0,0,0,12,0,0
shipmas 2018,0,0,0,0,0,0,0,0,0,0,0,0,0,0,10,0,0
h/d food fair 2018,0,0,0,0,0,0,0,0,0,0,0,0,0,0,14,0,0
